breed,link,translations
AFFENPINSCHER,https://fci.be/en/nomenclature/AFFENPINSCHER-186.html,"['AFFENPINSCHER', 'AFFENPINSCHER', 'AFFENPINSCHER', 'AFFENPINSCHER']"
AFGHAN HOUND,https://fci.be/en/nomenclature/AFGHAN-HOUND-228.html,"['AFGHAN HOUND', 'LEVRIER AFGHAN', 'AFGHANISCHER WINDHUND', 'LEBREL AFGANO']"
AÏDI (CHIEN DE MONTAGNE DE L'ATLAS),https://fci.be/en/nomenclature/ATLAS-MOUNTAIN-DOG-AIDI-247.html,"['ATLAS MOUNTAIN DOG (AIDI)', ""CHIEN DE MONTAGNE DE L'ATLAS (AÏDI)"", 'ATLAS-BERGHUND (AÏDI)', 'PERRO DE MONTAÑA DEL ATLAS (AÏDI)']"
AIREDALE TERRIER,https://fci.be/en/nomenclature/AIREDALE-TERRIER-7.html,"['AIREDALE TERRIER', 'AIREDALE TERRIER', 'AIREDALE TERRIER', 'AIREDALE TERRIER']"
AKITA,https://fci.be/en/nomenclature/AKITA-255.html,"['AKITA', 'AKITA', 'AKITA', 'AKITA']"
ALASKAN MALAMUTE,https://fci.be/en/nomenclature/ALASKAN-MALAMUTE-243.html,"['ALASKAN MALAMUTE', ""MALAMUTE DE L'ALASKA"", 'ALASKAN MALAMUTE', 'MALAMUTE DE ALASKA']"
ALPENLÄNDISCHE DACHSBRACKE,https://fci.be/en/nomenclature/ALPINE-DACHSBRACKE-254.html,"['ALPINE DACHSBRACKE', 'BASSET DES ALPES', 'ALPENLÄNDISCHE DACHSBRACKE', 'DACHSBRACKE DE LOS ALPES']"
AMERICAN AKITA,https://fci.be/en/nomenclature/AMERICAN-AKITA-344.html,"['AMERICAN AKITA', 'AKITA AMERICAIN', 'AMERIKANISCHER AKITA', 'AKITA AMERICANO']"
AMERICAN COCKER SPANIEL,https://fci.be/en/nomenclature/AMERICAN-COCKER-SPANIEL-167.html,"['AMERICAN COCKER SPANIEL', 'COCKER AMÉRICAIN', 'AMERIKANISCHER COCKER SPANIEL', 'COCKER SPANIEL AMERICANO']"
AMERICAN FOXHOUND,https://fci.be/en/nomenclature/AMERICAN-FOXHOUND-303.html,"['AMERICAN FOXHOUND', 'AMERICAN FOXHOUND', 'AMERICAN FOXHOUND', 'AMERICAN FOXHOUND']"
AMERICAN STAFFORDSHIRE TERRIER,https://fci.be/en/nomenclature/AMERICAN-STAFFORDSHIRE-TERRIER-286.html,"['AMERICAN STAFFORDSHIRE TERRIER', 'AMERICAN STAFFORDSHIRE TERRIER', 'AMERICAN STAFFORDSHIRE TERRIER', 'AMERICAN STAFFORDSHIRE TERRIER']"
AMERICAN WATER SPANIEL,https://fci.be/en/nomenclature/AMERICAN-WATER-SPANIEL-301.html,"['AMERICAN WATER SPANIEL', ""CHIEN D'EAU AMERICAIN"", 'AMERIKANISCHER WASSERSPANIEL', 'PERRO DE AGUA AMERICANO']"
ANGLO-FRANÇAIS DE PETITE VENERIE,https://fci.be/en/nomenclature/MEDIUM-SIZED-ANGLO-FRENCH-HOUND-325.html,"['MEDIUM-SIZED ANGLO-FRENCH HOUND', 'ANGLO-FRANÇAIS DE PETITE VENERIE', 'MITTELGROSSER ANGLO-FRANZÖSISCHER LAUFHUND', 'SABUESO ANGLO-FRANCÉS DE TAMAÑO MEDIANO']"
ANJING KINTAMANI-BALI,https://fci.be/en/nomenclature/KINTAMANI-BALI-DOG-362.html,"['KINTAMANI-BALI DOG', 'CHIEN DE BALI - KINTAMANI', 'KINTAMANI-BALI-HUND', 'PERRO KINTAMANI-BALI']"
APPENZELLER SENNENHUND,https://fci.be/en/nomenclature/APPENZELL-CATTLE-DOG-46.html,"['APPENZELL CATTLE DOG', 'BOUVIER APPENZELLOIS', 'APPENZELLER SENNENHUND', 'PERRO BOYERO DE APPENZELL']"
ARIEGEOIS,https://fci.be/en/nomenclature/ARIEGEOIS-20.html,"['ARIEGEOIS', 'ARIEGEOIS', 'ARIEGEOIS', 'SABUESO DEL ARIEGE']"
AUSTRALIAN CATTLE DOG,https://fci.be/en/nomenclature/AUSTRALIAN-CATTLE-DOG-287.html,"['AUSTRALIAN CATTLE DOG', 'BOUVIER AUSTRALIEN', 'AUSTRALISCHER TREIBHUND', 'BOYERO AUSTRALIANO']"
AUSTRALIAN KELPIE,https://fci.be/en/nomenclature/AUSTRALIAN-KELPIE-293.html,"['AUSTRALIAN KELPIE', 'KELPIE AUSTRALIEN', 'AUSTRALIAN KELPIE', 'AUSTRALIAN KELPIE']"
AUSTRALIAN SHEPHERD,https://fci.be/en/nomenclature/AUSTRALIAN-SHEPHERD-342.html,"['AUSTRALIAN SHEPHERD', 'BERGER AUSTRALIEN', 'AUSTRALISCHER SCHAFERHUND', 'PERRO PASTOR AUSTRALIANO']"
AUSTRALIAN SILKY TERRIER,https://fci.be/en/nomenclature/AUSTRALIAN-SILKY-TERRIER-236.html,"['AUSTRALIAN SILKY TERRIER', 'TERRIER AUSTRALIEN A POIL SOYEUX', 'AUSTRALIAN SILKY TERRIER', 'TERRIER SEDOSO AUSTRALIANO']"
AUSTRALIAN STUMPY TAIL CATTLE DOG,https://fci.be/en/nomenclature/AUSTRALIAN-STUMPY-TAIL-CATTLE-DOG-351.html,"['AUSTRALIAN STUMPY TAIL CATTLE DOG', 'BOUVIER AUSTRALIEN COURTE QUEUE', 'AUSTRALIAN STUMPY TAIL CATTLE DOG', 'PASTOR AUSTRALIANO STUMPY TAIL']"
AUSTRALIAN TERRIER,https://fci.be/en/nomenclature/AUSTRALIAN-TERRIER-8.html,"['AUSTRALIAN TERRIER', 'TERRIER AUSTRALIEN', 'AUSTRALIAN TERRIER', 'AUSTRALIAN TERRIER']"
AZAWAKH,https://fci.be/en/nomenclature/AZAWAKH-307.html,"['AZAWAKH', 'AZAWAKH', 'AZAWAKH', 'AZAWAKH']"
BARBET,https://fci.be/en/nomenclature/FRENCH-WATER-DOG-105.html,"['FRENCH WATER DOG', 'BARBET', 'FRANZÖSISCHER WASSERHUND', 'PERRO DE AGUA FRANCÉS']"
BASENJI,https://fci.be/en/nomenclature/BASENJI-43.html,"['BASENJI', 'BASENJI', 'BASENJI', 'BASENJI']"
BASSET ARTESIEN NORMAND,https://fci.be/en/nomenclature/NORMAN-ARTESIEN-BASSET-34.html,"['NORMAN ARTESIEN BASSET', 'BASSET ARTESIEN NORMAND', 'BASSET ARTESIEN NORMAND', 'BASSET ARTESIANO DE NORMANDÍA']"
BASSET BLEU DE GASCOGNE,https://fci.be/en/nomenclature/BLUE-GASCONY-BASSET-35.html,"['BLUE GASCONY BASSET', 'BASSET BLEU DE GASCOGNE', 'BLAUER BASSET DER GASCOGNE', 'BASSET AZUL DE GASCUÑA']"
BASSET FAUVE DE BRETAGNE,https://fci.be/en/nomenclature/BASSET-FAUVE-DE-BRETAGNE-36.html,"['BASSET FAUVE DE BRETAGNE', 'BASSET FAUVE DE BRETAGNE', 'BASSET FAUVE DE BRETAGNE', 'BASSET LEONADO DE BRETAÑA']"
BASSET HOUND,https://fci.be/en/nomenclature/BASSET-HOUND-163.html,"['BASSET HOUND', 'BASSET HOUND', 'BASSET HOUND', 'BASSET HOUND']"
BAYERISCHER GEBIRGSSCHWEISSHUND,https://fci.be/en/nomenclature/BAVARIAN-MOUNTAIN-SCENT-HOUND-217.html,"['BAVARIAN MOUNTAIN SCENT HOUND', 'CHIEN DE ROUGE DE BAVIERE', 'BAYERISCHER GEBIRGSSCHWEISSHUND', 'RASTREADOR MONTAÑES DE BAVIERA']"
BEAGLE,https://fci.be/en/nomenclature/BEAGLE-161.html,"['BEAGLE', 'BEAGLE', 'BEAGLE', 'BEAGLE']"
BEAGLE-HARRIER,https://fci.be/en/nomenclature/BEAGLE-HARRIER-290.html,"['BEAGLE HARRIER', 'BEAGLE-HARRIER', 'BEAGLE-HARRIER', 'BEAGLE-HARRIER']"
BEARDED COLLIE,https://fci.be/en/nomenclature/BEARDED-COLLIE-271.html,"['BEARDED COLLIE', 'COLLIE BARBU', 'BEARDED COLLIE', 'COLLIE BARBUDO']"
BEDLINGTON TERRIER,https://fci.be/en/nomenclature/BEDLINGTON-TERRIER-9.html,"['BEDLINGTON TERRIER', 'TERRIER DE BEDLINGTON', 'BEDLINGTON TERRIER', 'BEDLINGTON TERRIER']"
BERGER BLANC SUISSE,https://fci.be/en/nomenclature/WHITE-SWISS-SHEPHERD-DOG-347.html,"['WHITE SWISS SHEPHERD DOG', 'BERGER BLANC SUISSE', 'WEISSER SCHWEIZER SCHÄFERHUND', 'PASTOR BLANCO SUIZO']"
BERGER DE BEAUCE,https://fci.be/en/nomenclature/BEAUCE-SHEEPDOG-44.html,"['BEAUCE SHEEPDOG', 'BERGER DE BEAUCE', 'BEAUCERON', 'PASTOR DE BEAUCE']"
BERGER DE BRIE,https://fci.be/en/nomenclature/BRIARD-113.html,"['BRIARD', 'BERGER DE BRIE', 'BERGER DE BRIE', 'PASTOR DE BRIE']"
BERGER DE PICARDIE,https://fci.be/en/nomenclature/PICARDY-SHEEPDOG-176.html,"['PICARDY SHEEPDOG', 'BERGER DE PICARDIE - BERGER PICARD', 'PICARDIE-SCHÄFERHUND', 'PASTOR DE PICARDÍA']"
BERNER SENNENHUND,https://fci.be/en/nomenclature/BERNESE-MOUNTAIN-DOG-45.html,"['BERNESE MOUNTAIN DOG', 'BOUVIER BERNOIS', 'BERNER SENNENHUND', 'BOYERO DE MONTANA BERNES']"
BICHON A POIL FRISE,https://fci.be/en/nomenclature/BICHON-FRISE-215.html,"['BICHON FRISE', 'BICHON A POIL FRISE', 'BICHON FRISE', 'BICHON DE PELO RIZADO']"
BICHON HAVANAIS,https://fci.be/en/nomenclature/HAVANESE-250.html,"['HAVANESE', 'BICHON HAVANAIS', 'HAVANESER', 'BICHON HABANERO']"
BILLY,https://fci.be/en/nomenclature/BILLY-25.html,"['BILLY', 'BILLY', 'BILLY', 'BILLY']"
BLACK AND TAN COONHOUND,https://fci.be/en/nomenclature/BLACK-AND-TAN-COONHOUND-300.html,"['BLACK AND TAN COONHOUND', 'CHIEN NOIR & FEU POUR LA CHASSE AU RATON LAVEUR', 'SCHWARZ-LOHFARBENER WASCHBÄRENHUND', 'PERRO NEGRO Y FUEGO PARA LA CAZA DEL MAPACHE']"
BOLOGNESE,https://fci.be/en/nomenclature/BOLOGNESE-196.html,"['BOLOGNESE', 'BICHON BOLONAIS', 'BOLOGNESER', 'BOLOGNESE']"
BORDER COLLIE,https://fci.be/en/nomenclature/BORDER-COLLIE-297.html,"['BORDER COLLIE', 'BORDER COLLIE', 'BORDER COLLIE', 'BORDER COLLIE']"
BORDER TERRIER,https://fci.be/en/nomenclature/BORDER-TERRIER-10.html,"['BORDER TERRIER', 'BORDER TERRIER', 'BORDER TERRIER', 'BORDER TERRIER']"
BOSANSKI OSTRODLAKI GONIC-BARAK,https://fci.be/en/nomenclature/BOSNIAN-BROKEN-HAIRED-HOUND-CALLED-BARAK-155.html,"['BOSNIAN BROKEN-HAIRED HOUND - CALLED BARAK', 'CHIEN COURANT DE BOSNIE A POIL RAIDE - DIT BARAK', 'STICHELHAARIGER BOSNISCHER LAUFHUND- GENANNT BARAK', 'SABUESO BOSNIO DE PELO CERDOSO - LLAMADO BARAK']"
BOSTON TERRIER,https://fci.be/en/nomenclature/BOSTON-TERRIER-140.html,"['BOSTON TERRIER', 'TERRIER DE BOSTON', 'BOSTON TERRIER', 'BOSTON TERRIER']"
BOULEDOGUE FRANÇAIS,https://fci.be/en/nomenclature/FRENCH-BULLDOG-101.html,"['FRENCH BULLDOG', 'BOULEDOGUE FRANÇAIS', 'FRANZÖSISCHE BULLDOGGE', 'BULLDOG FRANCÉS']"
BOUVIER DES ARDENNES,https://fci.be/en/nomenclature/BOUVIER-DES-ARDENNES-171.html,"['BOUVIER DES ARDENNES', 'BOUVIER DES ARDENNES', 'ARDENNEN-TREIBHUND', 'BOYERO DE LAS ARDENAS']"
BOUVIER DES FLANDRES-VLAAMSE KOEHOND,https://fci.be/en/nomenclature/BOUVIER-DES-FLANDRES-191.html,"['BOUVIER DES FLANDRES', 'BOUVIER DES FLANDRES', 'FLANDRISCHER TREIBHUND', 'BOYERO DE FLANDES']"
BRACCO ITALIANO,https://fci.be/en/nomenclature/ITALIAN-POINTING-DOG-202.html,"['ITALIAN POINTING DOG', 'BRAQUE ITALIEN', 'ITALIENISCHER VORSTEHHUND', 'BRACO ITALIANO']"
BRANDLBRACKE - (VIERÄUGL),https://fci.be/en/nomenclature/AUSTRIAN-BLACK-AND-TAN-HOUND-63.html,"['AUSTRIAN BLACK AND TAN HOUND', 'BRACHET NOIR & FEU (QUATRE-OEILLE)', 'BRANDLBRACKE (VIERÄUGL)', 'SABUESO AUSTRIACO NEGRO Y FUEGO']"
BRAQUE D'AUVERGNE,https://fci.be/en/nomenclature/AUVERGNE-POINTER-180.html,"['AUVERGNE POINTER', ""BRAQUE D'AUVERGNE"", ""BRAQUE D'AUVERGNE"", 'BRACO DE AUVERNIA']"
BRAQUE DE L'ARIÈGE,https://fci.be/en/nomenclature/ARIEGE-POINTING-DOG-177.html,"['ARIEGE POINTING DOG', ""BRAQUE DE L'ARIÈGE"", 'ARIEGE-VORSTEHHUND', 'BRACO DEL ARIEGE']"
BRAQUE DU BOURBONNAIS,https://fci.be/en/nomenclature/BOURBONNAIS-POINTING-DOG-179.html,"['BOURBONNAIS POINTING DOG', 'BRAQUE DU BOURBONNAIS', 'BOURBONNAISER VORSTEHHUND', 'BRACO DEL BORBONESADO']"
BRAQUE FRANÇAIS - TYPE GASCOGNE,https://fci.be/en/nomenclature/FRENCH-POINTING-DOG-GASCOGNE-TYPE-133.html,"['FRENCH POINTING DOG - GASCOGNE TYPE', 'BRAQUE FRANÇAIS - TYPE GASCOGNE', 'FRANZÖSISCHER VORSTEHHUND - TYPUS GASCOGNE', 'BRACO FRANCÉS - TIPO GASCUÑA']"
BRAQUE FRANÇAIS - TYPE PYRENEES,https://fci.be/en/nomenclature/FRENCH-POINTING-DOG-PYRENEAN-TYPE-134.html,"['FRENCH POINTING DOG - PYRENEAN TYPE', 'BRAQUE FRANÇAIS - TYPE PYRENEES', 'FRANZÖSISCHER VORSTEHHUND - TYPUS PYRENÄEN', 'BRACO FRANCÉS - TIPO PIRINEOS']"
BRAQUE SAINT-GERMAIN,https://fci.be/en/nomenclature/SAINT-GERMAIN-POINTER-115.html,"['SAINT GERMAIN POINTER', 'BRAQUE SAINT-GERMAIN', 'BRAQUE SAINT-GERMAIN', 'BRACO SAINT-GERMAIN']"
BRIQUET GRIFFON VENDEEN,https://fci.be/en/nomenclature/BRIQUET-GRIFFON-VENDEEN-19.html,"['BRIQUET GRIFFON VENDEEN', 'BRIQUET GRIFFON VENDEEN', 'BRIQUET GRIFFON VENDEEN', 'BRIQUET GRIFON VENDEANO']"
BROHOLMER,https://fci.be/en/nomenclature/BROHOLMER-315.html,"['BROHOLMER', 'BROHOLMER', 'BROHOLMER', 'BROHOLMER']"
BULL TERRIER,https://fci.be/en/nomenclature/BULL-TERRIER-11.html,"['BULL TERRIER', 'BULL TERRIER', 'BULL TERRIER', 'BULL TERRIER']"
BULLDOG,https://fci.be/en/nomenclature/BULLDOG-149.html,"['BULLDOG', 'BULLDOG', 'BULLDOG', 'BULLDOG']"
BULLMASTIFF,https://fci.be/en/nomenclature/BULLMASTIFF-157.html,"['BULLMASTIFF', 'BULLMASTIFF', 'BULLMASTIFF', 'BULLMASTIFF']"
CA DE BESTIAR,https://fci.be/en/nomenclature/MAJORCA-SHEPHERD-DOG-321.html,"['MAJORCA SHEPHERD DOG', 'CHIEN DE BERGER DE MAJORQUE', 'MALLORCA-SCHÄFERHUND', 'PERRO DE PASTOR MALLORQUĺN']"
CAIRN TERRIER,https://fci.be/en/nomenclature/CAIRN-TERRIER-4.html,"['CAIRN TERRIER', 'CAIRN TERRIER', 'CAIRN TERRIER', 'CAIRN TERRIER']"
CANAAN DOG,https://fci.be/en/nomenclature/CANAAN-DOG-273.html,"['CANAAN DOG', 'CHIEN DE CANAAN', 'KANAAN-HUND', 'CANAAN DOG']"
CANADIAN ESKIMO DOG,https://fci.be/en/nomenclature/CANADIAN-ESKIMO-DOG-211.html,"['CANADIAN ESKIMO DOG', 'CHIEN ESQUIMAU CANADIEN', 'KANADISCHER ESKIMOHUND', 'PERRO ESQUIMAL CANADIENSE']"
CANE CORSO ITALIANO,https://fci.be/en/nomenclature/ITALIAN-CANE-CORSO-343.html,"['ITALIAN CANE CORSO', 'CHIEN DE COUR ITALIEN', 'ITALIENISCHER CORSO-HUND', 'CANE CORSO']"
CANE DA PASTORE BERGAMASCO,https://fci.be/en/nomenclature/BERGAMASCO-SHEPHERD-DOG-194.html,"['BERGAMASCO SHEPHERD DOG', 'BERGER BERGAMASQUE', 'BERGAMASKER HIRTENHUND', 'PERRO DE PASTOR BERGAMASCO']"
CANE DA PASTORE MAREMMANO-ABRUZZESE,https://fci.be/en/nomenclature/MAREMMA-AND-THE-ABRUZZES-SHEEPDOG-201.html,"['MAREMMA AND THE ABRUZZES SHEEPDOG', 'BERGER DE LA MAREMME ET DES ABRUZZES', 'MAREMMEN-ABRUZZEN-SCHÄFERHUND', 'PERRO DE PASTOR DE LA MAREMMA Y DE LOS ABRUZOS']"
CANICHE,https://fci.be/en/nomenclature/POODLE-172.html,"['POODLE', 'CANICHE', 'PUDEL', 'CANICHE']"
CÃO DA SERRA DA ESTRELA,https://fci.be/en/nomenclature/ESTRELA-MOUNTAIN-DOG-173.html,"['ESTRELA MOUNTAIN DOG', 'CHIEN DE LA SERRA DA ESTRELA', 'SERRA-DA-ESTRELA-BERGHUND', 'PERRO DE LA SIERRA DE LA ESTRELA']"
CÃO DA SERRA DE AIRES,https://fci.be/en/nomenclature/PORTUGUESE-SHEEPDOG-93.html,"['PORTUGUESE SHEEPDOG', 'CHIEN DE BERGER DE LA SERRA DE AIRES', 'PORTUGIESISCHER SCHÄFERHUND', 'PERRO DE PASTOR PORTUGUÉS']"
CÃO DE AGUA PORTUGUÊS,https://fci.be/en/nomenclature/PORTUGUESE-WATER-DOG-37.html,"['PORTUGUESE WATER DOG', ""CHIEN D'EAU PORTUGAIS"", 'PORTUGIESISCHER WASSERHUND', 'PERRO DE AGUA PORTUGUÉS']"
CÃO DE CASTRO LABOREIRO,https://fci.be/en/nomenclature/CASTRO-LABOREIRO-DOG-170.html,"['CASTRO LABOREIRO DOG', 'CHIEN DE CASTRO LABOREIRO', 'CASTRO-LABOREIRO-HUND', 'PERRO DE CASTRO LABOREIRO']"
CÃO DE GADO TRANSMONTANO,https://fci.be/en/nomenclature/TRANSMONTANO-MASTIFF-368.html,"['TRANSMONTANO MASTIFF', 'MÂTIN TRANSMONTANO', 'TRANSMONTANO-HIRTENHUND', 'MASTÍN TRANSMONTANO']"
CÃO FILA DE SÃO MIGUEL,https://fci.be/en/nomenclature/SAINT-MIGUEL-CATTLE-DOG-340.html,"['SAINT MIGUEL CATTLE DOG', 'FILA DE SAINT MIGUEL', 'CAO FILA DE SAO MIGUEL', 'FILA DE SAN MIGUEL']"
CAVALIER KING CHARLES SPANIEL,https://fci.be/en/nomenclature/CAVALIER-KING-CHARLES-SPANIEL-136.html,"['CAVALIER KING CHARLES SPANIEL', 'CAVALIER KING CHARLES SPANIEL', 'CAVALIER KING CHARLES SPANIEL', 'CAVALIER KING CHARLES SPANIEL']"
CESKOSLOVENSKÝ VLCIAK,https://fci.be/en/nomenclature/CZECHOSLOVAKIAN-WOLFDOG-332.html,"['CZECHOSLOVAKIAN WOLFDOG', 'CHIEN LOUP TCHECOSLOVAQUE', 'TSCHECHOSLOWAKISCHER WOLFHUND', 'PERRO LOBO CHECOSLOVACO']"
CESKÝ FOUSEK,https://fci.be/en/nomenclature/BOHEMIAN-WIRE-HAIRED-POINTING-GRIFFON-245.html,"['BOHEMIAN WIRE-HAIRED POINTING GRIFFON', 'BARBU TCHEQUE', 'BÖHMISCH RAUHBART', 'GRIFÓN DE MUESTRA BOHEMIO DE PELO DURO']"
CESKÝ TERIER,https://fci.be/en/nomenclature/CESKY-TERRIER-246.html,"['CESKY TERRIER', 'TERRIER TCHEQUE', 'TSCHECHISCHER TERRIER', 'TERRIER CHECO']"
CHART POLSKI,https://fci.be/en/nomenclature/POLISH-GREYHOUND-333.html,"['POLISH GREYHOUND', 'LEVRIER POLONAIS', 'POLNISCHER WINDHUND', 'LEBREL POLACO']"
CHESAPEAKE BAY RETRIEVER,https://fci.be/en/nomenclature/CHESAPEAKE-BAY-RETRIEVER-263.html,"['CHESAPEAKE BAY RETRIEVER', 'RETRIEVER DE LA BAIE DE CHESAPEAKE', 'CHESAPEAKE BAY RETRIEVER', 'CHESAPEAKE BAY RETRIEVER']"
CHIEN D'ARTOIS,https://fci.be/en/nomenclature/ARTOIS-HOUND-28.html,"['ARTOIS HOUND', ""CHIEN D'ARTOIS"", ""CHIEN D'ARTOIS"", 'SABUESO ARTESIANO']"
CHIEN DE BERGER BELGE,https://fci.be/en/nomenclature/BELGIAN-SHEPHERD-DOG-15.html,"['BELGIAN SHEPHERD DOG', 'CHIEN DE BERGER BELGE', 'BELGISCHER SCHÄFERHUND', 'PERRO DE PASTOR BELGA']"
CHIEN DE BERGER DES PYRENEES A FACE RASE,https://fci.be/en/nomenclature/PYRENEAN-SHEEPDOG-SMOOTH-FACED-138.html,"['PYRENEAN SHEEPDOG - SMOOTH FACED', 'CHIEN DE BERGER DES PYRENEES A FACE RASE', 'PYRENAEN-HUTEHUND MIT KURZHAARIGEM GESICHT', 'PASTOR DE LOS PIRINEOS DE CARA RASA']"
CHIEN DE BERGER DES PYRENEES A POIL LONG,https://fci.be/en/nomenclature/LONG-HAIRED-PYRENEAN-SHEEPDOG-141.html,"['LONG-HAIRED PYRENEAN SHEEPDOG', 'CHIEN DE BERGER DES PYRENEES A POIL LONG', 'LANGHAARIGER PYRENAEN-SCHAFERHUND', 'PERRO PASTOR DE LOS PIRINEOS DE PELO LARGO']"
CHIEN DE MONTAGNE DES PYRENEES,https://fci.be/en/nomenclature/PYRENEAN-MOUNTAIN-DOG-137.html,"['PYRENEAN MOUNTAIN DOG', 'CHIEN DE MONTAGNE DES PYRENEES', 'PYRENÄEN-BERGHUND', 'PERRO DE MONTAÑA DE LOS PIRINEOS']"
CHIEN DE SAINT HUBERT,https://fci.be/en/nomenclature/BLOODHOUND-84.html,"['BLOODHOUND', 'CHIEN DE SAINT HUBERT', 'BLUTHUND', 'CHIEN DE SAINT HUBERT']"
CHIHUAHUEÑO,https://fci.be/en/nomenclature/CHIHUAHUA-218.html,"['CHIHUAHUA', 'CHIHUAHUA', 'CHIHUAHUA', 'CHIHUAHUEÑO']"
CHIN,https://fci.be/en/nomenclature/JAPANESE-CHIN-206.html,"['JAPANESE CHIN', 'EPAGNEUL JAPONAIS', 'JAPAN-CHIN', 'SPANIEL JAPONÉS']"
CHINESE CRESTED DOG,https://fci.be/en/nomenclature/CHINESE-CRESTED-DOG-288.html,"['CHINESE CRESTED DOG', 'CHIEN CHINOIS A CRÊTE', 'CHINESISCHER SCHOPFHUND', 'PERRO CRESTADO CHINO']"
CHODSKY PES,https://fci.be/en/nomenclature/BOHEMIAN-SHEPHERD-DOG-364.html,"['BOHEMIAN SHEPHERD DOG', 'CHIEN DE BERGER DE BOHÊME - BERGER DE BOHÊME', 'BÖHMISCHER SCHÄFERHUND', 'PERRO PASTOR BOHEMIO']"
CHOW CHOW,https://fci.be/en/nomenclature/CHOW-CHOW-205.html,"['CHOW CHOW', 'CHOW CHOW', 'CHOW CHOW', 'CHOW CHOW']"
CIMARRÓN URUGUAYO,https://fci.be/en/nomenclature/CIMARRON-URUGUAYO-353.html,"['CIMARRÓN URUGUAYO', 'CIMARRON URUGUAYEN', 'URUGUAYISCHER CIMARRON', 'CIMARRÓN URUGUAYO']"
CIOBANESC ROMÂNESC CARPATIN,https://fci.be/en/nomenclature/ROMANIAN-CARPATHIAN-SHEPHERD-DOG-350.html,"['ROMANIAN CARPATHIAN SHEPHERD DOG', 'CHIEN DE BERGER ROUMAIN DES CARPATHES', 'CIOBANESC ROMÂNESC CARPATIN', 'PERRO DE PASTOR RUMANO DE LOS CÁRPATOS ""CARPATIN""']"
CIOBANESC ROMÂNESC DE BUCOVINA,https://fci.be/en/nomenclature/ROMANIAN-BUCOVINA-SHEPHERD-357.html,"['ROMANIAN BUCOVINA SHEPHERD', 'CHIEN DE BERGER ROUMAIN DE BUCOVINE', 'RUMÄNISCHER BUKOWINA-SCHÄFERHUND', 'PERRO DE PASTOR RUMANO DE BUCOVINA']"
CIOBANESC ROMÂNESC MIORITIC,https://fci.be/en/nomenclature/ROMANIAN-MIORITIC-SHEPHERD-DOG-349.html,"['ROMANIAN MIORITIC SHEPHERD DOG', 'CHIEN DE BERGER ROUMAIN DE MIORITZA', 'CIOBANESC ROMÂNESC MIORITIC', 'PERRO PASTOR RUMANO DE MIORITZA']"
CIRNECO DELL'ETNA,https://fci.be/en/nomenclature/CIRNECO-DELL-ETNA-199.html,"[""CIRNECO DELL'ETNA"", ""CIRNECO DE L'ETNA"", ""CIRNECO DELL'ETNA"", 'CIRNECO DEL ETNA']"
CLUMBER SPANIEL,https://fci.be/en/nomenclature/CLUMBER-SPANIEL-109.html,"['CLUMBER SPANIEL', 'CLUMBER SPANIEL', 'CLUMBER SPANIEL', 'CLUMBER SPANIEL']"
COLLIE ROUGH,https://fci.be/en/nomenclature/COLLIE-ROUGH-156.html,"['COLLIE ROUGH', 'COLLIE A POIL LONG', 'LANGHAARIGER SCHOTTISCHER SCHAFERHUND', 'COLLIE DE PELO LARGO']"
COLLIE SMOOTH,https://fci.be/en/nomenclature/COLLIE-SMOOTH-296.html,"['COLLIE SMOOTH', 'COLLIE A POIL COURT', 'KURZHAARIGER SCHOTTISCHER SCHAFERHUND', 'COLLIE DE PELO CORTO']"
CONTINENTAL BULLDOG,https://fci.be/en/nomenclature/CONTINENTAL-BULLDOG-369.html,"['CONTINENTAL BULLDOG', 'BULLDOG CONTINENTAL', 'CONTINENTAL BULLDOG', 'BULLDOG CONTINENTAL']"
COTON DE TULEAR,https://fci.be/en/nomenclature/COTON-DE-TULEAR-283.html,"['COTON DE TULEAR', 'COTON DE TULEAR', 'COTON DE TULEAR', 'COTON DE TULEAR']"
CRNOGORSKI PLANINSKI GONIC,https://fci.be/en/nomenclature/MONTENEGRIN-MOUNTAIN-HOUND-279.html,"['MONTENEGRIN MOUNTAIN HOUND', 'CHIEN COURANT DE MONTAGNE DU MONTENEGRO', 'MONTENEGRINISCHER GEBIRGSLAUFHUND', 'SABUESO DE MONTAÑA DEL MONTENEGRO']"
CURLY COATED RETRIEVER,https://fci.be/en/nomenclature/CURLY-COATED-RETRIEVER-110.html,"['CURLY COATED RETRIEVER', 'RETRIEVER A POIL BOUCLE', 'CURLY COATED RETRIEVER', 'COBRADOR DE PELO RIZADO']"
DACHSHUND,https://fci.be/en/nomenclature/DACHSHUND-148.html,"['DACHSHUND', 'TECKEL', 'DACHSHUND', 'TECKEL']"
DALMATINSKI PAS,https://fci.be/en/nomenclature/DALMATIAN-153.html,"['DALMATIAN', 'DALMATIEN', 'DALMATINER', 'DÁLMATA']"
DANDIE DINMONT TERRIER,https://fci.be/en/nomenclature/DANDIE-DINMONT-TERRIER-168.html,"['DANDIE DINMONT TERRIER', 'DANDIE DINMONT TERRIER', 'DANDIE DINMONT TERRIER', 'DANDIE DINMONT TERRIER']"
DANSK-SVENSK GÅRDSHUND,https://fci.be/en/nomenclature/DANISH-SWEDISH-FARMDOG-356.html,"['DANISH-SWEDISH FARMDOG', 'CHIEN DE FERME DANO-SUEDOIS', 'DÄNISCH-SCHWEDISCHER FARMHUND', 'PERRO DE GRANJA DANÉS Y SUECO']"
DEERHOUND,https://fci.be/en/nomenclature/DEERHOUND-164.html,"['DEERHOUND', 'DEERHOUND', 'SCHOTTISCHER HIRSCHHUND', 'LEBREL ESCOCÉS']"
DEUTSCH DRAHTHAAR,https://fci.be/en/nomenclature/GERMAN-WIRE-HAIRED-POINTING-DOG-98.html,"['GERMAN WIRE- HAIRED POINTING DOG', ""CHIEN D'ARRET ALLEMAND A POIL DUR"", 'DEUTSCH DRAHTHAAR', 'PERRO DE MUESTRA ALEMÁN DE PELO DURO']"
DEUTSCH KURZHAAR,https://fci.be/en/nomenclature/GERMAN-SHORT-HAIRED-POINTING-DOG-119.html,"['GERMAN SHORT- HAIRED POINTING DOG', 'BRAQUE ALLEMAND A POIL COURT', 'DEUTSCH KURZHAAR', 'BRACO ALEMÁN DE PELO CORTO']"
DEUTSCH LANGHAAR,https://fci.be/en/nomenclature/DEUTSCH-LANGHAAR-117.html,"['DEUTSCH LANGHAAR', 'DEUTSCH LANGHAAR', 'DEUTSCH LANGHAAR', 'DEUTSCH LANGHAAR']"
DEUTSCH STICHELHAAR,https://fci.be/en/nomenclature/DEUTSCH-STICHELHAAR-232.html,"['DEUTSCH STICHELHAAR', ""CHIEN D'ARRET ALLEMAND A POIL RAIDE"", 'DEUTSCH STICHELHAAR', 'PERRO DE MUESTRA ALEMÁN DE PELO CERDOSO']"
DEUTSCHE BRACKE,https://fci.be/en/nomenclature/GERMAN-HOUND-299.html,"['GERMAN HOUND', 'BRACHET ALLEMAND', 'DEUTSCHE BRACKE', 'SABUESO ALEMÁN']"
DEUTSCHE DOGGE,https://fci.be/en/nomenclature/GREAT-DANE-235.html,"['GREAT DANE', 'DOGUE ALLEMAND', 'DEUTSCHE DOGGE', 'GRAN DANÉS']"
DEUTSCHER BOXER,https://fci.be/en/nomenclature/BOXER-144.html,"['BOXER', 'BOXER', 'DEUTSCHER BOXER', 'BOXER']"
DEUTSCHER JAGDTERRIER,https://fci.be/en/nomenclature/GERMAN-HUNTING-TERRIER-103.html,"['GERMAN HUNTING TERRIER', 'TERRIER DE CHASSE ALLEMAND', 'DEUTSCHER JAGDTERRIER', 'TERRIER CAZADOR ALEMÁN']"
DEUTSCHER PINSCHER,https://fci.be/en/nomenclature/GERMAN-PINSCHER-184.html,"['GERMAN PINSCHER', 'PINSCHER ALLEMAND', 'DEUTSCHER PINSCHER', 'PINSCHER ALEMÁN']"
DEUTSCHER SCHÄFERHUND,https://fci.be/en/nomenclature/GERMAN-SHEPHERD-DOG-166.html,"['GERMAN SHEPHERD DOG', 'BERGER ALLEMAND', 'DEUTSCHER SCHAEFERHUND', 'PASTOR ALEMÁN']"
DEUTSCHER SPITZ,https://fci.be/en/nomenclature/GERMAN-SPITZ-97.html,"['GERMAN SPITZ', 'SPITZ ALLEMAND', 'DEUTSCHER SPITZ', 'SPITZ ALEMÁN']"
DEUTSCHER WACHTELHUND,https://fci.be/en/nomenclature/GERMAN-SPANIEL-104.html,"['GERMAN SPANIEL', ""CHIEN D'OYSEL ALLEMAND"", 'DEUTSCHER WACHTELHUND', 'PERDIGUERO ALEMÁN']"
DOBERMANN,https://fci.be/en/nomenclature/DOBERMANN-143.html,"['DOBERMANN', 'DOBERMANN', 'DOBERMANN', 'DOBERMANN']"
DOGO ARGENTINO,https://fci.be/en/nomenclature/DOGO-ARGENTINO-292.html,"['DOGO ARGENTINO', 'DOGUE ARGENTIN', 'ARGENTINISCHE DOGGE', 'DOGO ARGENTINO']"
DOGUE DE BORDEAUX,https://fci.be/en/nomenclature/DOGUE-DE-BORDEAUX-116.html,"['DOGUE DE BORDEAUX', 'DOGUE DE BORDEAUX', 'BORDEAUXDOGGE', 'DOGO DE BURDEOS']"
DO-KHYI,https://fci.be/en/nomenclature/TIBETAN-MASTIFF-230.html,"['TIBETAN MASTIFF', 'DOGUE DU TIBET', 'DO KHYI', 'DOGO DEL TIBET']"
DRENTSCHE PATRIJSHOND,https://fci.be/en/nomenclature/DRENTSCHE-PARTRIDGE-DOG-224.html,"['DRENTSCHE PARTRIDGE DOG', 'CHIEN DE PERDRIX DE DRENTE', ""DRENT'SCHER HÜHNERHUND"", 'PERDIGUERO DE DRENTE']"
DREVER,https://fci.be/en/nomenclature/DREVER-130.html,"['DREVER', 'BASSET SUEDOIS', 'SCHWEDISCHE DACHSBRACKE', 'PERRO TEJONERO SUECO']"
DRÓTZÖRÜ MAGYAR VIZSLA,https://fci.be/en/nomenclature/HUNGARIAN-WIRE-HAIRED-POINTER-239.html,"['HUNGARIAN WIRE-HAIRED POINTER', 'BRAQUE HONGROIS A POIL DUR', 'DRAHTHAARIGER UNGARISCHER VORSTEHHUND', 'BRACO HÚNGARO DE PELO DURO']"
DUNKER,https://fci.be/en/nomenclature/NORWEGIAN-HOUND-203.html,"['NORWEGIAN HOUND', 'CHIEN COURANT NORVEGIEN', 'DUNKERBRACKE - NORWEGISCHER LAUFHUND', 'SABUESO NORUEGO']"
EESTI HAGIJAS,https://fci.be/en/nomenclature/ESTONIAN-HOUND-366.html,"['ESTONIAN HOUND', ""CHIEN COURANT D'ESTONIE"", 'ESTNISCHE BRACKE', 'SABUESO DE ESTONIA']"
ENGLISH COCKER SPANIEL,https://fci.be/en/nomenclature/ENGLISH-COCKER-SPANIEL-5.html,"['ENGLISH COCKER SPANIEL', 'COCKER SPANIEL ANGLAIS', 'ENGLISH COCKER SPANIEL', 'COCKER SPANIEL INGLÉS']"
ENGLISH FOXHOUND,https://fci.be/en/nomenclature/ENGLISH-FOXHOUND-159.html,"['ENGLISH FOXHOUND', 'ENGLISH FOXHOUND', 'ENGLISH FOXHOUND', 'FOXHOUND INGLÉS']"
ENGLISH POINTER,https://fci.be/en/nomenclature/ENGLISH-POINTER-1.html,"['ENGLISH POINTER', 'POINTER ANGLAIS', 'ENGLISCHER POINTER', 'POINTER INGLÉS']"
ENGLISH SETTER,https://fci.be/en/nomenclature/ENGLISH-SETTER-2.html,"['ENGLISH SETTER', 'SETTER ANGLAIS', 'ENGLISCHER SETTER', 'SETTER INGLÉS']"
ENGLISH SPRINGER SPANIEL,https://fci.be/en/nomenclature/ENGLISH-SPRINGER-SPANIEL-125.html,"['ENGLISH SPRINGER SPANIEL', 'ENGLISH SPRINGER SPANIEL', 'ENGLISH SPRINGER SPANIEL', 'SPRINGER SPANIEL INGLÉS']"
ENGLISH TOY TERRIER,https://fci.be/en/nomenclature/ENGLISH-TOY-TERRIER-BLACK-TAN-13.html,"['ENGLISH TOY TERRIER (BLACK &TAN)', ""TERRIER ANGLAIS D'AGREMENT (NOIR ET FEU)"", 'ENGLISCHER TOY TERRIER (SCHWARZ UND LOH)', 'TERRIER DE JUGUETE INGLÉS (NEGRO Y FUEGO)']"
ENTLEBUCHER SENNENHUND,https://fci.be/en/nomenclature/ENTLEBUCH-CATTLE-DOG-47.html,"['ENTLEBUCH CATTLE DOG', ""BOUVIER DE L'ENTLEBUCH"", 'ENTLEBUCHER SENNENHUND', 'PERRO BOYERO DE ENTLEBUCH']"
EPAGNEUL BLEU DE PICARDIE,https://fci.be/en/nomenclature/BLUE-PICARDY-SPANIEL-106.html,"['BLUE PICARDY SPANIEL', 'EPAGNEUL BLEU DE PICARDIE', 'BLAUER PICARDIE-SPANIEL', 'SPANIEL AZUL DE PICARDIA']"
EPAGNEUL BRETON,https://fci.be/en/nomenclature/BRITTANY-SPANIEL-95.html,"['BRITTANY SPANIEL', 'EPAGNEUL BRETON', 'BRETONISCHER SPANIEL', 'SPANIEL BRETÓN']"
EPAGNEUL DE PONT-AUDEMER,https://fci.be/en/nomenclature/PONT-AUDEMER-SPANIEL-114.html,"['PONT-AUDEMER SPANIEL', 'EPAGNEUL DE PONT-AUDEMER', 'PONT-AUDEMER SPANIEL', 'SPANIEL DE PONT-AUDEMER']"
EPAGNEUL FRANÇAIS,https://fci.be/en/nomenclature/FRENCH-SPANIEL-175.html,"['FRENCH SPANIEL', 'EPAGNEUL FRANÇAIS', 'FRANZÖSICHER SPANIEL', 'SPANIEL FRANCÉS']"
EPAGNEUL NAIN CONTINENTAL,https://fci.be/en/nomenclature/CONTINENTAL-TOY-SPANIEL-77.html,"['CONTINENTAL TOY SPANIEL', 'EPAGNEUL NAIN CONTINENTAL', 'KONTINENTALER ZWERGSPANIEL', 'SPANIEL CONTINENTAL ENANO DE COMPAÑÍA']"
EPAGNEUL PICARD,https://fci.be/en/nomenclature/PICARDY-SPANIEL-108.html,"['PICARDY SPANIEL', 'EPAGNEUL PICARD', 'PICARDIE-SPANIEL', 'SPANIEL PICARDO']"
ERDÉLYI KOPÓ,https://fci.be/en/nomenclature/HUNGARIAN-HOUND-TRANSYLVANIAN-SCENT-HOUND-241.html,"['HUNGARIAN HOUND - TRANSYLVANIAN SCENT HOUND', 'CHIEN COURANT DE TRANSYLVANIE', 'UNGARISCHE BRACKE - TRANSYLVANISCHER LAUFHUND', 'SABUESO HÚNGARO - SABUESO DE TRANSILVANIA']"
EURASIER,https://fci.be/en/nomenclature/EURASIAN-291.html,"['EURASIAN', 'EURASIER', 'EURASIER', 'EURÁSICO']"
FIELD SPANIEL,https://fci.be/en/nomenclature/FIELD-SPANIEL-123.html,"['FIELD SPANIEL', 'FIELD SPANIEL', 'FIELD SPANIEL', 'FIELD SPANIEL']"
FILA BRASILEIRO,https://fci.be/en/nomenclature/FILA-BRASILEIRO-225.html,"['FILA BRASILEIRO', 'FILA BRASILEIRO', 'FILA BRASILEIRO', 'FILA BRASILEÑO']"
FLAT COATED RETRIEVER,https://fci.be/en/nomenclature/FLAT-COATED-RETRIEVER-121.html,"['FLAT COATED RETRIEVER', 'RETRIEVER A POIL PLAT', 'FLAT COATED RETRIEVER', 'COBRADOR DE PELO LISO']"
FOX TERRIER (SMOOTH),https://fci.be/en/nomenclature/FOX-TERRIER-SMOOTH-12.html,"['FOX TERRIER (SMOOTH)', 'FOX TERRIER A POIL LISSE', 'FOX TERRIER (GLATTHAAR)', 'FOX TERRIER DE PELO LISO']"
FOX TERRIER (WIRE),https://fci.be/en/nomenclature/FOX-TERRIER-WIRE-169.html,"['FOX TERRIER (WIRE)', 'FOX-TERRIER A POIL DUR', 'FOX TERRIER (DRAHTHAAR)', 'FOX TERRIER DE PELO ALAMBRE']"
FRANÇAIS BLANC ET NOIR,https://fci.be/en/nomenclature/FRENCH-WHITE-BLACK-HOUND-220.html,"['FRENCH WHITE & BLACK HOUND', 'FRANÇAIS BLANC ET NOIR', 'FRANZÖSISCHER WEISS-SCHWARZER LAUFHUND', 'SABUESO FRANCÉS BLANCO Y NEGRO']"
FRANÇAIS BLANC ET ORANGE,https://fci.be/en/nomenclature/FRENCH-WHITE-AND-ORANGE-HOUND-316.html,"['FRENCH WHITE AND ORANGE HOUND', 'FRANÇAIS BLANC ET ORANGE', 'FRANZÖSISCHER WEISS-ORANGER LAUFHUND', 'SABUESO FRANCÉS BLANCO Y NARANJA']"
FRANÇAIS TRICOLORE,https://fci.be/en/nomenclature/FRENCH-TRICOLOUR-HOUND-219.html,"['FRENCH TRICOLOUR HOUND', 'FRANÇAIS TRICOLORE', 'FRANZÖSISCHER DREIFARBIGER LAUFHUND', 'SABUESO FRANCÉS TRICOLOR']"
GALGO ESPAÑOL,https://fci.be/en/nomenclature/SPANISH-GREYHOUND-285.html,"['SPANISH GREYHOUND', 'LEVRIER ESPAGNOL', 'SPANISCHER WINDHUND', 'GALGO ESPAÑOL']"
GAMMEL DANSK HØNSEHUND,https://fci.be/en/nomenclature/OLD-DANISH-POINTING-DOG-281.html,"['OLD DANISH POINTING DOG', ""CHIEN D'ARRET DANOIS ANCESTRAL"", 'ALTDÄNISCHER VORSTEHHUND', 'ANTIGUO PERRO DE MUESTRA DANÉS']"
GASCON SAINTONGEOIS,https://fci.be/en/nomenclature/GASCON-SAINTONGEOIS-21.html,"['GASCON SAINTONGEOIS', 'GASCON SAINTONGEOIS', 'GASCON SAINTONGEOIS', 'GASCON SAINTONGEOIS']"
GOLDEN RETRIEVER,https://fci.be/en/nomenclature/GOLDEN-RETRIEVER-111.html,"['GOLDEN RETRIEVER', 'GOLDEN RETRIEVER', 'GOLDEN RETRIEVER', 'COBRADOR DORADO']"
GONCZY POLSKI,https://fci.be/en/nomenclature/POLISH-HUNTING-DOG-354.html,"['POLISH HUNTING DOG', 'CHIEN COURANT POLONAIS', 'POLNISCHER JAGDHUND', 'GONCZY POLSKI']"
GORDON SETTER,https://fci.be/en/nomenclature/GORDON-SETTER-6.html,"['GORDON SETTER', 'SETTER GORDON', 'GORDON SETTER', 'GORDON SETTER']"
GOS D'ATURA CATALÀ,https://fci.be/en/nomenclature/CATALAN-SHEEPDOG-87.html,"['CATALAN SHEEPDOG', 'CHIEN DE BERGER CATALAN', 'KATALANISCHER SCHÄFERHUND', 'PERRO DE PASTOR CATALÁN']"
GOS RATER VALENCIÀ,https://fci.be/en/nomenclature/VALENCIAN-TERRIER-370.html,"['VALENCIAN TERRIER', 'RATIER VALENCIEN', 'RATONERO VALENCIANO', 'RATONERO VALENCIANO']"
GRAND ANGLO-FRANÇAIS BLANC ET NOIR,https://fci.be/en/nomenclature/GREAT-ANGLO-FRENCH-WHITE-AND-BLACK-HOUND-323.html,"['GREAT ANGLO-FRENCH WHITE AND BLACK HOUND', 'GRAND ANGLO-FRANÇAIS BLANC ET NOIR', 'GROSSER ANGLO-FRANZ.WEISS-SCHWARZER LAUFHUND', 'GRAN SABUESO ANGLO-FRANCÉS BLANCO Y NEGRO']"
GRAND ANGLO-FRANÇAIS BLANC ET ORANGE,https://fci.be/en/nomenclature/GREAT-ANGLO-FRENCH-WHITE-ORANGE-HOUND-324.html,"['GREAT ANGLO-FRENCH WHITE & ORANGE HOUND', 'GRAND ANGLO-FRANÇAIS BLANC & ORANGE', 'GROSSER ANGLO-FRANZÖSISCHER WEISS-ORANGER LAUFHUND', 'GRAN SABUESO ANGLO-FRANCÉS BLANCO Y NARANJA']"
GRAND ANGLO-FRANÇAIS TRICOLORE,https://fci.be/en/nomenclature/GREAT-ANGLO-FRENCH-TRICOLOUR-HOUND-322.html,"['GREAT ANGLO-FRENCH TRICOLOUR HOUND', 'GRAND ANGLO-FRANÇAIS TRICOLORE', 'GROSSER ANGLO-FRANZÖSISCHER DREIFARBIGER LAUFHUND', 'GRAN SABUESO ANGLO-FRANCÉS TRICOLOR']"
GRAND BASSET GRIFFON VENDEEN,https://fci.be/en/nomenclature/GRAND-BASSET-GRIFFON-VENDEEN-33.html,"['GRAND BASSET GRIFFON VENDEEN', 'GRAND BASSET GRIFFON VENDEEN', 'GROSSER BASSET GRIFFON VENDEEN', 'GRAN BASSET GRIFÓN VENDEANO']"
GRAND BLEU DE GASCOGNE,https://fci.be/en/nomenclature/GREAT-GASCONY-BLUE-22.html,"['GREAT GASCONY BLUE', 'GRAND BLEU DE GASCOGNE', 'GROSSER BLAUER GASCOGNE-LAUFHUND', 'GRAN SABUESO AZUL DE GASCUÑA']"
GRAND GRIFFON VENDEEN,https://fci.be/en/nomenclature/GRAND-GRIFFON-VENDEEN-282.html,"['GRAND GRIFFON VENDEEN', 'GRAND GRIFFON VENDEEN', 'GROSSER GRIFFON VENDEEN', 'GRAN GRIFON VENDEANO']"
GREYHOUND,https://fci.be/en/nomenclature/GREYHOUND-158.html,"['GREYHOUND', 'LEVRIER ANGLAIS', 'GREYHOUND', 'GREYHOUND']"
GRIFFON A POIL DUR KORTHALS,https://fci.be/en/nomenclature/WIRE-HAIRED-POINTING-GRIFFON-KORTHALS-107.html,"['WIRE-HAIRED POINTING GRIFFON KORTHALS', 'GRIFFON A POIL DUR KORTHALS', 'FRANZÖSISCHER RAUHHAARIGER VORSTEHHUND (KORTHALS)', 'GRIFÓN DE MUESTRA DE PELO DURO']"
GRIFFON BELGE,https://fci.be/en/nomenclature/GRIFFON-BELGE-81.html,"['GRIFFON BELGE', 'GRIFFON BELGE', 'BELGISCHER GRIFFON', 'GRIFFON BELGE']"
GRIFFON BLEU DE GASCOGNE,https://fci.be/en/nomenclature/BLUE-GASCONY-GRIFFON-32.html,"['BLUE GASCONY GRIFFON', 'GRIFFON BLEU DE GASCOGNE', 'BLAUER GRIFFON DER GASCOGNE', 'GRIFÓN AZUL DE GASCUÑA']"
GRIFFON BRUXELLOIS,https://fci.be/en/nomenclature/GRIFFON-BRUXELLOIS-80.html,"['GRIFFON BRUXELLOIS', 'GRIFFON BRUXELLOIS', 'BRÜSSELER GRIFFON', 'GRIFFON BRUXELLOIS']"
GRIFFON FAUVE DE BRETAGNE,https://fci.be/en/nomenclature/FAWN-BRITTANY-GRIFFON-66.html,"['FAWN BRITTANY GRIFFON', 'GRIFFON FAUVE DE BRETAGNE', 'GRIFFON FAUVE DE BRETAGNE', 'GRIFÓN LEONADO DE BRETAÑA']"
GRIFFON NIVERNAIS,https://fci.be/en/nomenclature/GRIFFON-NIVERNAIS-17.html,"['GRIFFON NIVERNAIS', 'GRIFFON NIVERNAIS', 'GRIFFON NIVERNAIS', 'GRIFÓN DEL NIVERNAIS']"
GRØNLANDSHUND,https://fci.be/en/nomenclature/GREENLAND-DOG-274.html,"['GREENLAND DOG', 'CHIEN DU GROENLAND', 'GROENLANDHUND', 'PERRO DE GROENLANDIA']"
GROSSER MÜNSTERLÄNDER VORSTEHHUND,https://fci.be/en/nomenclature/LARGE-MUNSTERLANDER-118.html,"['LARGE MUNSTERLANDER', 'GRAND EPAGNEUL DE MÜNSTER', 'GROSSER MÜNSTERLÄNDER VORSTEHHUND', 'GRAN MUNSTERLANDER']"
GROSSER SCHWEIZER SENNENHUND,https://fci.be/en/nomenclature/GREAT-SWISS-MOUNTAIN-DOG-58.html,"['GREAT SWISS MOUNTAIN DOG', 'GRAND BOUVIER SUISSE', 'GROSSER SCHWEIZER SENNENHUND', 'GRAN BOYERO SUIZO']"
HALDENSTØVER,https://fci.be/en/nomenclature/HALDEN-HOUND-267.html,"['HALDEN HOUND', 'CHIEN COURANT DE HALDEN', 'HALDEN-BRACKE', 'SABUESO HALDEN']"
HAMILTONSTÖVARE,https://fci.be/en/nomenclature/HAMILTONSTOVARE-132.html,"['HAMILTONSTÖVARE', 'CHIEN COURANT DE HAMILTON', 'HAMILTONSTÖVARE', 'SABUESO HAMILTON']"
HANNOVERSCHER SCHWEISSHUND,https://fci.be/en/nomenclature/HANOVERIAN-SCENT-HOUND-213.html,"['HANOVERIAN SCENT HOUND', 'CHIEN DE RECHERCHE AU SANG DE HANOVRE', 'HANNOVERSCHER SCHWEISSHUND', 'RASTREADOR DE HANNOVER']"
HARRIER,https://fci.be/en/nomenclature/HARRIER-295.html,"['HARRIER', 'HARRIER', 'HARRIER', 'HARRIER']"
HELLINIKOS ICHNILATIS,https://fci.be/en/nomenclature/HELLENIC-HOUND-214.html,"['HELLENIC HOUND', 'CHIEN COURANT GREC', 'GRIECHISCHER LAUFHUND', 'SABUESO HELÉNICO']"
HOKKAIDO,https://fci.be/en/nomenclature/HOKKAIDO-261.html,"['HOKKAIDO', 'HOKKAIDO', 'HOKKAIDO', 'HOKKAIDO']"
HOLLANDSE HERDERSHOND,https://fci.be/en/nomenclature/DUTCH-SHEPHERD-DOG-223.html,"['DUTCH SHEPHERD DOG', 'BERGER HOLLANDAIS', 'HOLLÄNDISCHER SCHÄFERHUND', 'PASTOR HOLANDÉS']"
HOLLANDSE SMOUSHOND,https://fci.be/en/nomenclature/DUTCH-SMOUSHOND-308.html,"['DUTCH SMOUSHOND', 'SMOUS DES PAYS-BAS', 'HOLLÄNDISCHER SMOUSHUND', 'PERRO SMOUS HOLANDÉS']"
HOVAWART,https://fci.be/en/nomenclature/HOVAWART-190.html,"['HOVAWART', 'HOVAWART', 'HOVAWART', 'HOVAWART']"
HRVATSKI OVCAR,https://fci.be/en/nomenclature/CROATIAN-SHEPHERD-DOG-277.html,"['CROATIAN SHEPHERD DOG', 'CHIEN BERGER CROATE', 'KROATISCHER SCHÄFERHUND', 'PERRO PASTOR CROATA']"
HYGENHUND,https://fci.be/en/nomenclature/HYGEN-HOUND-266.html,"['HYGEN HOUND', 'CHIEN COURANT DE HYGEN', 'HYGEN-BRACKE', 'SABUESO DE HYGEN']"
IRISH GLEN OF IMAAL TERRIER,https://fci.be/en/nomenclature/IRISH-GLEN-OF-IMAAL-TERRIER-302.html,"['IRISH GLEN OF IMAAL TERRIER', 'TERRIER IRLANDAIS GLEN OF IMAAL', 'IRISCHER GLEN OF IMAAL TERRIER', 'TERRIER GLEN DE IMAAL IRLANDÉS']"
IRISH RED AND WHITE SETTER,https://fci.be/en/nomenclature/IRISH-RED-AND-WHITE-SETTER-330.html,"['IRISH RED AND WHITE SETTER', 'SETTER IRLANDAIS ROUGE ET BLANC', 'IRISCHER ROT-WEISSER SETTER', 'SETTER IRLANDÉS ROJO Y BLANCO']"
IRISH RED SETTER,https://fci.be/en/nomenclature/IRISH-RED-SETTER-120.html,"['IRISH RED SETTER', 'SETTER IRLANDAIS ROUGE', 'IRISCHER ROTER SETTER', 'SETTER IRLANDÉS ROJO']"
IRISH SOFT COATED WHEATEN TERRIER,https://fci.be/en/nomenclature/IRISH-SOFT-COATED-WHEATEN-TERRIER-40.html,"['IRISH SOFT COATED WHEATEN TERRIER', 'TERRIER IRLANDAIS A POIL DOUX', 'IRISCHER SOFT COATED WHEATEN TERRIER', 'SOFT COATED WHEATEN TERRIER IRLANDÉS']"
IRISH TERRIER,https://fci.be/en/nomenclature/IRISH-TERRIER-139.html,"['IRISH TERRIER', 'TERRIER IRLANDAIS', 'IRISCHER TERRIER', 'TERRIER IRLANDÉS']"
IRISH WATER SPANIEL,https://fci.be/en/nomenclature/IRISH-WATER-SPANIEL-124.html,"['IRISH WATER SPANIEL', ""CHIEN D'EAU IRLANDAIS"", 'IRISCHER WASSERSPANIEL', 'PERRO DE AGUA IRLANDÉS']"
IRISH WOLFHOUND,https://fci.be/en/nomenclature/IRISH-WOLFHOUND-160.html,"['IRISH WOLFHOUND', 'LEVRIER IRLANDAIS', 'IRISCHER WOLFSHUND', 'LEBREL IRLANDÉS']"
ISTARSKI OSTRODLAKI GONIC,https://fci.be/en/nomenclature/ISTRIAN-WIRE-HAIRED-HOUND-152.html,"['ISTRIAN WIRE-HAIRED HOUND', ""CHIEN COURANT D'ISTRIE A POIL DUR"", 'RAUHHAARIGE ISTRIANER BRACKE', 'SABUESO DE ISTRIA DE PELO DURO']"
ISTARSKI KRATKODLAKI GONIC,https://fci.be/en/nomenclature/ISTRIAN-SHORT-HAIRED-HOUND-151.html,"['ISTRIAN SHORT-HAIRED HOUND', ""CHIEN COURANT D'ISTRIE A POIL RAS"", 'KURZHAARIGE ISTRIANER BRACKE', 'SABUESO DE ISTRIA DE PELO CORTO']"
ÍSLENSKUR FJÁRHUNDUR,https://fci.be/en/nomenclature/ICELANDIC-SHEEPDOG-289.html,"['ICELANDIC SHEEPDOG', 'CHIEN DE BERGER ISLANDAIS', 'ISLANDHUND', 'PERRO DE PASTOR ISLANDÉS']"
JACK RUSSELL TERRIER,https://fci.be/en/nomenclature/JACK-RUSSELL-TERRIER-345.html,"['JACK RUSSELL TERRIER', 'TERRIER JACK RUSSELL', 'JACK RUSSELL TERRIER', 'TERRIER JACK RUSSELL']"
JÄMTHUND,https://fci.be/en/nomenclature/JAMTHUND-42.html,"['JÄMTHUND', ""CHIEN D'ELAN SUEDOIS"", 'SCHWEDISCHER ELCHHUND', 'PERRO CAZADOR DE ALCES SUECO']"
JUGOSLOVENSKI OVCARSKI PAS-SARPLANINAC,https://fci.be/en/nomenclature/YUGOSLAVIAN-SHEPHERD-DOG-SHARPLANINA-41.html,"['YUGOSLAVIAN SHEPHERD DOG - SHARPLANINA', 'CHIEN DE BERGER YOUGOSLAVE DE CHARPLANINA', 'JUGOSLAWISCHER HIRTENHUND - SARPLANINAC', 'PERRO DE PASTOR YUGOSLAVO DE CHARPLANINA']"
KAI,https://fci.be/en/nomenclature/KAI-317.html,"['KAI', 'KAI', 'KAI', 'KAI']"
KANGAL ÇOBAN KÖPEGI,https://fci.be/en/nomenclature/KANGAL-SHEPHERD-DOG-331.html,"['KANGAL SHEPHERD DOG', 'CHIEN DE BERGER KANGAL', 'KANGAL-HIRTENHUND', 'PERRO PASTOR KANGAL']"
KARJALANKARHUKOIRA,https://fci.be/en/nomenclature/KARELIAN-BEAR-DOG-48.html,"['KARELIAN BEAR DOG', ""CHIEN D'OURS DE CARELIE"", 'KARELISCHER BÄRENHUND', 'PERRO DE OSOS DE CARELIA']"
KAVKAZSKAÏA OVTCHARKA,https://fci.be/en/nomenclature/CAUCASIAN-SHEPHERD-DOG-328.html,"['CAUCASIAN SHEPHERD DOG', 'BERGER DU CAUCASE', 'KAUKASISCHER SCHÄFERHUND', 'PERRO PASTOR DEL CÁUCASO']"
KERRY BLUE TERRIER,https://fci.be/en/nomenclature/KERRY-BLUE-TERRIER-3.html,"['KERRY BLUE TERRIER', 'TERRIER KERRY BLUE', 'KERRY BLUE TERRIER', 'KERRY BLUE TERRIER']"
KING CHARLES SPANIEL,https://fci.be/en/nomenclature/KING-CHARLES-SPANIEL-128.html,"['KING CHARLES SPANIEL', 'EPAGNEUL KING CHARLES', 'KING CHARLES SPANIEL', 'KING CHARLES SPANIEL']"
KISHU,https://fci.be/en/nomenclature/KISHU-318.html,"['KISHU', 'KISHU', 'KISHU', 'KISHU']"
KLEINER MÜNSTERLÄNDER,https://fci.be/en/nomenclature/KLEINER-MUNSTERLANDER-102.html,"['KLEINER MÜNSTERLÄNDER', 'PETIT EPAGNEUL DE MÜNSTER', 'KLEINER MÜNSTERLÄNDER', 'PEQUEÑO MÜNSTERLÄNDER']"
KOMONDOR,https://fci.be/en/nomenclature/KOMONDOR-53.html,"['KOMONDOR', 'KOMONDOR', 'KOMONDOR', 'KOMONDOR']"
KOREA JINDO DOG,https://fci.be/en/nomenclature/KOREA-JINDO-DOG-334.html,"['KOREA JINDO DOG', 'JINDO COREEN', 'KOREANISCHER JINDO', 'KOREA JINDO DOG']"
KRASKI OVCAR,https://fci.be/en/nomenclature/KARST-SHEPHERD-DOG-278.html,"['KARST SHEPHERD DOG', 'BERGER DU KARST', 'KARST-SCHÄFERHUND', 'PASTOR DE KARST']"
KROMFOHRLÄNDER,https://fci.be/en/nomenclature/KROMFOHRLANDER-192.html,"['KROMFOHRLÄNDER', 'KROMFOHRLÄNDER', 'KROMFOHRLÄNDER', 'KROMFOHRLÄNDER']"
KUVASZ,https://fci.be/en/nomenclature/KUVASZ-54.html,"['KUVASZ', 'KUVASZ', 'KUVASZ', 'KUVASZ']"
LABRADOR RETRIEVER,https://fci.be/en/nomenclature/LABRADOR-RETRIEVER-122.html,"['LABRADOR RETRIEVER', 'RETRIEVER DU LABRADOR', 'LABRADOR RETRIEVER', 'LABRADOR RETRIEVER']"
LAGOTTO ROMAGNOLO,https://fci.be/en/nomenclature/ROMAGNA-WATER-DOG-298.html,"['ROMAGNA WATER DOG', ""CHIEN D'EAU ROMAGNOL"", 'WASSERHUND DER ROMAGNA', 'PERRO DE AGUA DE ROMAGNA']"
LAKELAND TERRIER,https://fci.be/en/nomenclature/LAKELAND-TERRIER-70.html,"['LAKELAND TERRIER', 'LAKELAND TERRIER', 'LAKELAND TERRIER', 'LAKELAND TERRIER']"
LANCASHIRE HEELER,https://fci.be/en/nomenclature/LANCASHIRE-HEELER-360.html,"['LANCASHIRE HEELER', 'LANCASHIRE HEELER', 'LANCASHIRE HEELER', 'LANCASHIRE HEELER']"
LANDSEER (EUROPÄISCH-KONTINENTALER TYP),https://fci.be/en/nomenclature/LANDSEER-EUROPEAN-CONTINENTAL-TYPE-226.html,"['LANDSEER (EUROPEAN CONTINENTAL TYPE)', 'LANDSEER (TYPE CONTINENTAL-EUROPEEN)', 'LANDSEER (EUROPÄISCH-KONTINENTALER TYP)', 'LANDSEER (TIPO EUROPEO CONTINENTAL)']"
LAPINPOROKOIRA,https://fci.be/en/nomenclature/LAPPONIAN-HERDER-284.html,"['LAPPONIAN HERDER', 'BERGER FINNOIS DE LAPONIE', 'FINNISCHER LAPPLANDHIRTENHUND', 'PASTOR FINLANDÉS DE LAPONIA']"
LEONBERGER,https://fci.be/en/nomenclature/LEONBERGER-145.html,"['LEONBERGER', 'CHIEN DE LEONBERG', 'LEONBERGER', 'LEONBERGER']"
LHASA APSO,https://fci.be/en/nomenclature/LHASA-APSO-227.html,"['LHASA APSO', 'LHASA APSO', 'LHASA APSO', 'LHASA APSO']"
MAGYAR AGAR,https://fci.be/en/nomenclature/HUNGARIAN-GREYHOUND-240.html,"['HUNGARIAN GREYHOUND', 'LEVRIER HONGROIS', 'UNGARISCHER WINDHUND', 'LEBREL HÚNGARO']"
MALTESE,https://fci.be/en/nomenclature/MALTESE-65.html,"['MALTESE', 'BICHON MALTAIS', 'MALTESER', 'MALTESE']"
MANCHESTER TERRIER,https://fci.be/en/nomenclature/MANCHESTER-TERRIER-71.html,"['MANCHESTER TERRIER', 'TERRIER DE MANCHESTER', 'MANCHESTER TERRIER', 'MANCHESTER TERRIER']"
MASTIFF,https://fci.be/en/nomenclature/MASTIFF-264.html,"['MASTIFF', 'MASTIFF', 'MASTIFF', 'MASTIFF']"
MASTÍN DEL PIRINEO,https://fci.be/en/nomenclature/PYRENEAN-MASTIFF-92.html,"['PYRENEAN MASTIFF', 'MATIN DES PYRENEES', 'PYRENÄEN-MASTIFF', 'MASTÍN DEL PIRINEO']"
MASTÍN ESPAÑOL,https://fci.be/en/nomenclature/SPANISH-MASTIFF-91.html,"['SPANISH MASTIFF', 'MATIN ESPAGNOL', 'SPANISCHER MASTIFF', 'MASTÍN ESPAÑOL']"
MASTINO NAPOLETANO,https://fci.be/en/nomenclature/NEAPOLITAN-MASTIFF-197.html,"['NEAPOLITAN MASTIFF', 'MATIN NAPOLITAIN', 'MASTINO NAPOLETANO', 'MASTÍN NAPOLITANO']"
MINIATURE AMERICAN SHEPHERD,https://fci.be/en/nomenclature/MINIATURE-AMERICAN-SHEPHERD-367.html,"['MINIATURE AMERICAN SHEPHERD', 'BERGER MINIATURE AMÉRICAIN', 'MINIATUR AMERIKANISCHER SCHÄFERHUND', 'PASTOR MINIATURA AMERICANO']"
MINIATURE BULL TERRIER,https://fci.be/en/nomenclature/MINIATURE-BULL-TERRIER-359.html,"['MINIATURE BULL TERRIER', 'BULL TERRIER MINIATURE', 'MINIATURE BULL TERRIER', 'BULL TERRIER MINIATURA']"
MUDI,https://fci.be/en/nomenclature/MUDI-238.html,"['MUDI', 'MUDI', 'MUDI', 'MUDI']"
NEDERLANDSE KOOIKERHONDJE,https://fci.be/en/nomenclature/NEDERLANDSE-KOOIKERHONDJE-314.html,"['NEDERLANDSE KOOIKERHONDJE', 'NEDERLANDSE KOOIKERHONDJE', 'NEDERLANDSE KOOIKERHONDJE', 'NEDERLANDSE KOOIKERHONDJE']"
NEDERLANDSE SCHAPENDOES,https://fci.be/en/nomenclature/DUTCH-SCHAPENDOES-313.html,"['DUTCH SCHAPENDOES', 'SCHAPENDOES NEERLANDAIS', 'NIEDERLÄNDISCHER SCHAPENDOES', 'SCHAPENDOES NEERLANDÉS']"
NEWFOUNDLAND,https://fci.be/en/nomenclature/NEWFOUNDLAND-50.html,"['NEWFOUNDLAND', 'CHIEN DE TERRE-NEUVE', 'NEUFUNDLÄNDER', 'TERRANOVA']"
NIHON SUPITTSU,https://fci.be/en/nomenclature/JAPANESE-SPITZ-262.html,"['JAPANESE SPITZ', 'SPITZ JAPONAIS', 'JAPAN-SPITZ', 'SPITZ JAPONÉS']"
NIHON TERIA,https://fci.be/en/nomenclature/JAPANESE-TERRIER-259.html,"['JAPANESE TERRIER', 'TERRIER JAPONAIS', 'JAPANISCHER TERRIER', 'TERRIER JAPONÉS']"
NORFOLK TERRIER,https://fci.be/en/nomenclature/NORFOLK-TERRIER-272.html,"['NORFOLK TERRIER', 'NORFOLK TERRIER', 'NORFOLK TERRIER', 'NORFOLK TERRIER']"
NORRBOTTENSPETS,https://fci.be/en/nomenclature/NORRBOTTENSPITZ-276.html,"['NORRBOTTENSPITZ', 'SPITZ DE NORRBOTTEN', 'NORRBOTTENSPITZ', 'SPITZ DE NORRBOTTEN']"
NORSK BUHUND,https://fci.be/en/nomenclature/NORWEGIAN-BUHUND-237.html,"['NORWEGIAN BUHUND', 'BUHUND NORVEGIEN', 'NORWEGISCHER BUHUND', 'BUHUND NORUEGO']"
NORSK ELGHUND GRÅ,https://fci.be/en/nomenclature/NORWEGIAN-ELKHOUND-GREY-242.html,"['NORWEGIAN ELKHOUND GREY', ""CHIEN D'ELAN NORVEGIEN GRIS"", 'NORWEGISCHER ELCHHUND GRAU', 'CAZADOR DE ALCES NORUEGO GRIS']"
NORSK ELGHUND SORT,https://fci.be/en/nomenclature/NORWEGIAN-ELKHOUND-BLACK-268.html,"['NORWEGIAN ELKHOUND BLACK', ""CHIEN D'ELAN NORVEGIEN NOIR"", 'NORWEGISCHER ELCHHUND SCHWARZ', 'CAZADOR DE ALCES NORUEGO NEGRO']"
NORSK LUNDEHUND,https://fci.be/en/nomenclature/NORWEGIAN-LUNDEHUND-265.html,"['NORWEGIAN LUNDEHUND', 'CHIEN NORVEGIEN DE MACAREUX', 'NORWEGISCHER LUNDEHUND', 'LUNDEHUND NORUEGO']"
NORWICH TERRIER,https://fci.be/en/nomenclature/NORWICH-TERRIER-72.html,"['NORWICH TERRIER', 'NORWICH TERRIER', 'NORWICH TERRIER', 'NORWICH TERRIER']"
NOVA SCOTIA DUCK TOLLING RETRIEVER,https://fci.be/en/nomenclature/NOVA-SCOTIA-DUCK-TOLLING-RETRIEVER-312.html,"['NOVA SCOTIA DUCK TOLLING RETRIEVER', 'RETRIEVER DE LA NOUVELLE ECOSSE', 'NOVA SCOTIA RETRIEVER', 'PERRO COBRADOR DE NUEVA ESCOCIA']"
OGAR POLSKI,https://fci.be/en/nomenclature/POLISH-HOUND-52.html,"['POLISH HOUND', 'BRACHET POLONAIS', 'POLNISCHE BRACKE', 'SABUESO POLACO']"
OLD ENGLISH SHEEPDOG,https://fci.be/en/nomenclature/OLD-ENGLISH-SHEEPDOG-16.html,"['OLD ENGLISH SHEEPDOG', 'CHIEN DE BERGER ANGLAIS ANCESTRAL', 'ALTENGLISCHER SCHAFERHUND', 'ANTIGUO PERRO DE PASTOR INGLÉS']"
OTTERHOUND,https://fci.be/en/nomenclature/OTTERHOUND-294.html,"['OTTERHOUND', 'CHIEN A LOUTRE', 'OTTERHUND', 'PERRO DE NUTRIA']"
ÖSTERREICHISCHER PINSCHER,https://fci.be/en/nomenclature/AUSTRIAN-PINSCHER-64.html,"['AUSTRIAN PINSCHER', 'PINSCHER AUTRICHIEN', 'ÖSTERREICHISCHER PINSCHER', 'PINSCHER AUSTRIACO']"
PARSON RUSSELL TERRIER,https://fci.be/en/nomenclature/PARSON-RUSSELL-TERRIER-339.html,"['PARSON RUSSELL TERRIER', 'TERRIER DU REVEREND RUSSELL', 'PARSON RUSSELL TERRIER', 'PARSON RUSSELL TERRIER']"
PEKINGESE,https://fci.be/en/nomenclature/PEKINGESE-207.html,"['PEKINGESE', 'PEKINOIS', 'PEKINGESE', 'PEKINÉS']"
PERDIGUEIRO PORTUGUÊS,https://fci.be/en/nomenclature/PORTUGUESE-POINTING-DOG-187.html,"['PORTUGUESE POINTING DOG', ""CHIEN D'ARRET PORTUGAIS"", 'PORTUGIESISCHER VORSTEHHUND', 'PERDIGUERO PORTUGUÉS']"
PERDIGUERO DE BURGOS,https://fci.be/en/nomenclature/BURGOS-POINTING-DOG-90.html,"['BURGOS POINTING DOG', 'PERDIGUERO DE BURGOS', 'PERDIGUERO VON BURGOS', 'PERDIGUERO DE BURGOS']"
PERRO DE AGUA ESPAÑOL,https://fci.be/en/nomenclature/SPANISH-WATER-DOG-336.html,"['SPANISH WATER DOG', ""CHIEN D'EAU ESPAGNOL"", 'SPANISCHER WASSERHUND', 'PERRO DE AGUA ESPAÑOL']"
PERRO DOGO MALLORQUÍN,https://fci.be/en/nomenclature/MAJORCA-MASTIFF-249.html,"['MAJORCA MASTIFF', 'DOGUE DE MAJORQUE', 'MALLORCA-DOGGE', 'CA DE BOU']"
PERRO SIN PELO DEL PERÚ,https://fci.be/en/nomenclature/PERUVIAN-HAIRLESS-DOG-310.html,"['PERUVIAN HAIRLESS DOG', 'CHIEN NU DU PEROU', 'PERUANISCHER NACKTHUND', 'PERRO SIN PELO DEL PERÚ']"
PETIT BASSET GRIFFON VENDEEN,https://fci.be/en/nomenclature/PETIT-BASSET-GRIFFON-VENDEEN-67.html,"['PETIT BASSET GRIFFON VENDEEN', 'PETIT BASSET GRIFFON VENDEEN', 'KLEINER BASSET GRIFFON VENDEEN', 'PEQUEÑO BASSET GRIFÓN VENDEANO']"
PETIT BLEU DE GASCOGNE,https://fci.be/en/nomenclature/SMALL-BLUE-GASCONY-31.html,"['SMALL BLUE GASCONY', 'PETIT BLEU DE GASCOGNE', 'KLEINER BLAUER GASCOGNE LAUFHUND', 'PEQUEÑO SABUESO AZUL DE GASCUÑA']"
PETIT BRABANÇON,https://fci.be/en/nomenclature/PETIT-BRABANCON-82.html,"['PETIT BRABANÇON', 'PETIT BRABANÇON', 'BRABANTER GRIFFON', 'PETIT BRABANÇON']"
PETIT CHIEN LION,https://fci.be/en/nomenclature/LITTLE-LION-DOG-233.html,"['LITTLE LION DOG', 'PETIT CHIEN LION', 'LÖWCHEN', 'PEQUEÑO PERRO LEÓN']"
PHARAOH HOUND,https://fci.be/en/nomenclature/PHARAOH-HOUND-248.html,"['PHARAOH HOUND', 'CHIEN DU PHARAON', 'PHARAONENHUND', 'PERRO DEL FARAÓN']"
PICCOLO LEVRIERO ITALIANO,https://fci.be/en/nomenclature/ITALIAN-SIGHTHOUND-200.html,"['ITALIAN SIGHTHOUND', ""LEVRETTE D'ITALIE"", 'ITALIENISCHES WINDSPIEL', 'PEQUEÑO LEBREL ITALIANO']"
PODENCO CANARIO,https://fci.be/en/nomenclature/CANARIAN-WARREN-HOUND-329.html,"['CANARIAN WARREN HOUND', 'CHIEN DE GARENNE DES CANARIES', 'KANARISCHER PODENCO', 'PODENCO CANARIO']"
PODENCO IBICENCO,https://fci.be/en/nomenclature/IBIZAN-PODENCO-89.html,"['IBIZAN PODENCO', ""PODENCO D'IBIZA"", 'IBIZA-PODENCO', 'PODENCO IBICENCO']"
PODENGO PORTUGUÊS,https://fci.be/en/nomenclature/PORTUGUESE-WARREN-HOUND-PORTUGUESE-PODENGO-94.html,"['PORTUGUESE WARREN HOUND-PORTUGUESE PODENGO', 'CHIEN DE GARENNE PORTUGAIS', 'PORTUGIESISCHER PODENGO', 'PODENCO PORTUGUÉS']"
POITEVIN,https://fci.be/en/nomenclature/POITEVIN-24.html,"['POITEVIN', 'POITEVIN', 'POITEVIN', 'SABUESO POITEVIN']"
POLSKI OWCZAREK NIZINNY,https://fci.be/en/nomenclature/POLISH-LOWLAND-SHEEPDOG-251.html,"['POLISH LOWLAND SHEEPDOG', 'BERGER POLONAIS DE PLAINE', 'POLNISCHER NIEDERUNGSHÜTEHUND', 'PERRO DE PASTOR POLACO DE LAS LLANURAS']"
POLSKI OWCZAREK PODHALANSKI,https://fci.be/en/nomenclature/TATRA-SHEPHERD-DOG-252.html,"['TATRA SHEPHERD DOG', 'CHIEN DE BERGER DES TATRAS', 'TATRA-SCHÄFERHUND', 'PERRO DE PASTOR POLACO DE PODHALE']"
PORCELAINE,https://fci.be/en/nomenclature/PORCELAINE-30.html,"['PORCELAINE', 'PORCELAINE', 'PORCELAINE', 'PORCELAINE']"
POSAVSKI GONIC,https://fci.be/en/nomenclature/POSAVATZ-HOUND-154.html,"['POSAVATZ HOUND', 'CHIEN COURANT DE LA VALLEE DE LA SAVE', 'SAVETALBRACKE - POSAVATZ-BRACKE', 'SABUESO DEL VALLE DE SAVE']"
PRAZSKY KRYSARIK,https://fci.be/en/nomenclature/PRAGUE-RATTER-363.html,"['PRAGUE RATTER', 'RATIER DE PRAGUE', 'PRAGER RATTLER', 'RATONERO DE PRAGA']"
PRESA CANARIO,https://fci.be/en/nomenclature/PRESA-CANARIO-346.html,"['PRESA CANARIO', 'PRESA CANARIO', 'PRESA CANARIO', 'PRESA CANARIO']"
PUDELPOINTER,https://fci.be/en/nomenclature/PUDELPOINTER-216.html,"['PUDELPOINTER', 'PUDELPOINTER', 'PUDELPOINTER', 'PUDELPOINTER']"
PUG,https://fci.be/en/nomenclature/PUG-253.html,"['PUG', 'CARLIN', 'MOPS', 'DOGUILLO']"
PULI,https://fci.be/en/nomenclature/PULI-55.html,"['PULI', 'PULI', 'PULI', 'PULI']"
PUMI,https://fci.be/en/nomenclature/PUMI-56.html,"['PUMI', 'PUMI', 'PUMI', 'PUMI']"
RAFEIRO DO ALENTEJO,https://fci.be/en/nomenclature/RAFEIRO-OF-ALENTEJO-96.html,"['RAFEIRO OF ALENTEJO', ""RAFEIRO DE L'ALENTEJO"", 'RAFEIRO VON ALENTEJO', 'RAFEIRO DEL ALENTEJO']"
RASTREADOR BRASILEIRO,https://fci.be/en/nomenclature/BRAZILIAN-TRACKER-275.html,"['BRAZILIAN TRACKER', 'PISTEUR BRÉSILIEN', 'BRASILIANISCHER LAUFHUND', 'RASTREADOR BRASILEÑO']"
RHODESIAN RIDGEBACK,https://fci.be/en/nomenclature/RHODESIAN-RIDGEBACK-146.html,"['RHODESIAN RIDGEBACK', 'CHIEN DE RHODESIE A CRETE DORSALE', 'RHODESIAN RIDGEBACK', 'PERRO CRESTADO RODESIANO']"
RIESENSCHNAUZER,https://fci.be/en/nomenclature/GIANT-SCHNAUZER-181.html,"['GIANT SCHNAUZER', 'SCHNAUZER GEANT', 'RIESENSCHNAUZER', 'SCHNAUZER GIGANTE']"
ROTTWEILER,https://fci.be/en/nomenclature/ROTTWEILER-147.html,"['ROTTWEILER', 'ROTTWEILER', 'ROTTWEILER', 'ROTTWEILER']"
RÖVIDSZÖRÜ MAGYAR VIZSLA,https://fci.be/en/nomenclature/HUNGARIAN-SHORT-HAIRED-POINTER-VIZSLA-57.html,"['HUNGARIAN SHORT-HAIRED POINTER (VIZSLA)', 'BRAQUE HONGROIS A POIL COURT (VIZSLA)', 'KURZHAARIGER UNGARISCHER VORSTEHHUND (VIZSLA)', 'BRACO HÚNGARO DE PELO CORTO']"
RUSSKAYA PSOVAYA BORZAYA,https://fci.be/en/nomenclature/BORZOI-RUSSIAN-HUNTING-SIGHTHOUND-193.html,"['BORZOI - RUSSIAN HUNTING SIGHTHOUND', 'BARZOI - LEVRIER DE CHASSE RUSSE', 'BARSOI - RUSSISCHER JAGDWINDHUND', 'BORZOI - LEBREL RUSO PARA LA CAZA']"
RUSSKIY TCHIORNY TERRIER,https://fci.be/en/nomenclature/RUSSIAN-BLACK-TERRIER-327.html,"['RUSSIAN BLACK TERRIER', 'TERRIER NOIR RUSSE', 'RUSSISCHER SCHWARZER TERRIER', 'TERRIER RUSO NEGRO']"
RUSSKIY TOY,https://fci.be/en/nomenclature/RUSSIAN-TOY-352.html,"['RUSSIAN TOY', 'PETIT CHIEN RUSSE', 'RUSSISCHER TOY', 'PEQUEÑO PERRO RUSO']"
RUSSKO-EVROPEÏSKAÏA LAÏKA,https://fci.be/en/nomenclature/RUSSIAN-EUROPEAN-LAIKA-304.html,"['RUSSIAN-EUROPEAN LAIKA', 'LAIKA RUSSO-EUROPEEN', 'RUSSISCH-EUROPÄISCHER LAÏKA', 'LAIKA RUSO-EUROPEO']"
SAARLOOSWOLFHOND,https://fci.be/en/nomenclature/SAARLOOS-WOLFHOND-311.html,"['SAARLOOS WOLFHOND', 'CHIEN-LOUP DE SAARLOOS', 'SAARLOOSWOLFHUND', 'PERRO LOBO DE SAARLOOS']"
SABUESO ESPAÑOL,https://fci.be/en/nomenclature/SPANISH-HOUND-204.html,"['SPANISH HOUND', 'CHIEN COURANT ESPAGNOL', 'SPANISCHER LAUFHUND', 'SABUESO ESPAÑOL']"
SALUKI,https://fci.be/en/nomenclature/SALUKI-269.html,"['SALUKI', 'SALUKI', 'SALUKI', 'SALUKI']"
SAMOIEDSKAÏA SABAKA,https://fci.be/en/nomenclature/SAMOYED-212.html,"['SAMOYED', 'SAMOYEDE', 'SAMOJEDE', 'SAMOYEDO']"
SCHILLERSTÖVARE,https://fci.be/en/nomenclature/SCHILLERSTOVARE-131.html,"['SCHILLERSTÖVARE', 'CHIEN COURANT DE SCHILLER', 'SCHILLERSTÖVARE', 'SABUESO SCHILLER']"
SCHIPPERKE,https://fci.be/en/nomenclature/SCHIPPERKE-83.html,"['SCHIPPERKE', 'SCHIPPERKE', 'SCHIPPERKE', 'SCHIPPERKE']"
SCHNAUZER,https://fci.be/en/nomenclature/SCHNAUZER-182.html,"['SCHNAUZER', 'SCHNAUZER', 'SCHNAUZER', 'SCHNAUZER']"
SCHWEIZER NIEDERLAUFHUND,https://fci.be/en/nomenclature/SMALL-SWISS-HOUND-60.html,"['SMALL SWISS HOUND', 'PETIT CHIEN COURANT SUISSE', 'SCHWEIZER NIEDERLAUFHUND', 'SABUESO SUIZO PEQUEÑO']"
SCHWEIZER LAUFHUND - CHIEN COURANT SUISSE,https://fci.be/en/nomenclature/SWISS-HOUND-59.html,"['SWISS HOUND', 'CHIEN COURANT SUISSE', 'SCHWEIZER LAUFHUND', 'SABUESO SUIZO']"
SCOTTISH TERRIER,https://fci.be/en/nomenclature/SCOTTISH-TERRIER-73.html,"['SCOTTISH TERRIER', 'TERRIER ECOSSAIS', 'SCHOTTISCHER TERRIER', 'SCOTTISH TERRIER']"
SEALYHAM TERRIER,https://fci.be/en/nomenclature/SEALYHAM-TERRIER-74.html,"['SEALYHAM TERRIER', 'SEALYHAM TERRIER', 'SEALYHAM TERRIER', 'SEALYHAM TERRIER']"
SEGUGIO ITALIANO A PELO FORTE,https://fci.be/en/nomenclature/ITALIAN-ROUGH-HAIRED-SEGUGIO-198.html,"['ITALIAN ROUGH-HAIRED SEGUGIO', 'CHIEN COURANT ITALIEN A POIL DUR', 'DRAHTHAARIGER ITALIENISCHER LAUFHUND', 'SABUESO ITALIANO DE PELO DURO']"
SEGUGIO ITALIANO A PELO RASO,https://fci.be/en/nomenclature/ITALIAN-SHORT-HAIRED-SEGUGIO-337.html,"['ITALIAN SHORT-HAIRED SEGUGIO', 'CHIEN COURANT ITALIEN A POIL RAS', 'KURZHAARIGER ITALIENISCHER LAUFHUND', 'SABUESO ITALIANO DE PELO RASO']"
SEGUGIO MAREMMANO,https://fci.be/en/nomenclature/SEGUGIO-MAREMMANO-361.html,"['SEGUGIO MAREMMANO', 'SEGUGIO MAREMMANO', 'SEGUGIO MAREMMANO', 'SEGUGIO MAREMMANO']"
SHAR PEI,https://fci.be/en/nomenclature/SHAR-PEI-309.html,"['SHAR PEI', 'SHAR PEI', 'SHAR PEI', 'SHAR PEI']"
SHETLAND SHEEPDOG,https://fci.be/en/nomenclature/SHETLAND-SHEEPDOG-88.html,"['SHETLAND SHEEPDOG', 'CHIEN DE BERGER DES SHETLAND', 'SHETLAND SHEEPDOG', 'PERRO PASTOR DE SHETLAND']"
SHIBA,https://fci.be/en/nomenclature/SHIBA-257.html,"['SHIBA', 'SHIBA', 'SHIBA', 'SHIBA']"
SHIH TZU,https://fci.be/en/nomenclature/SHIH-TZU-208.html,"['SHIH TZU', 'SHIH TZU', 'SHIH TZU', 'SHIH TZU']"
SHIKOKU,https://fci.be/en/nomenclature/SHIKOKU-319.html,"['SHIKOKU', 'SHIKOKU', 'SHIKOKU', 'SHIKOKU']"
SIBERIAN HUSKY,https://fci.be/en/nomenclature/SIBERIAN-HUSKY-270.html,"['SIBERIAN HUSKY', 'HUSKY DE SIBÉRIE', 'SIBERIAN HUSKY', 'HUSKY SIBERIANO']"
SKYE TERRIER,https://fci.be/en/nomenclature/SKYE-TERRIER-75.html,"['SKYE TERRIER', 'SKYE TERRIER', 'SKYE TERRIER', 'SKYE TERRIER']"
SLOUGHI,https://fci.be/en/nomenclature/SLOUGHI-188.html,"['SLOUGHI', 'SLOUGHI', 'SLOUGHI', 'SLOUGHI']"
SLOVENSKÝ CUVAC,https://fci.be/en/nomenclature/SLOVAKIAN-CHUVACH-142.html,"['SLOVAKIAN CHUVACH', 'TCHOUVATCH SLOVAQUE', 'SLOWAKISCHER TSCHUVATSCH', 'TCHUVATCH ESLOVACO']"
SLOVENSKÝ HRUBOSRSTÝ STAVAC (OHAR),https://fci.be/en/nomenclature/WIREHAIRED-SLOVAKIAN-POINTER-320.html,"['WIREHAIRED SLOVAKIAN POINTER', 'BRAQUE SLOVAQUE A POIL DUR', 'SLOWAKISCHER RAUHBART', 'BRACO ESLOVACO DE PELO DURO']"
SLOVENSKÝ KOPOV,https://fci.be/en/nomenclature/SLOVAKIAN-HOUND-244.html,"['SLOVAKIAN HOUND', 'CHIEN COURANT SLOVAQUE', 'SLOWAKISCHER LAUFHUND', 'SABUESO ESLOVACO']"
SMÅLANDSSTÖVARE,https://fci.be/en/nomenclature/SMALANDSSTOVARE-129.html,"['SMÅLANDSSTÖVARE', 'CHIEN COURANT DU SMÅLAND', 'SMÅLANDSSTÖVARE', 'SABUESO DE SMÅLAND']"
SPINONE ITALIANO,https://fci.be/en/nomenclature/ITALIAN-SPINONE-165.html,"['ITALIAN SPINONE', 'SPINONE', 'ITALIENISCHER SPINONE', 'ESPINONE']"
SREDNEASIATSKAYA OVTCHARKA,https://fci.be/en/nomenclature/CENTRAL-ASIA-SHEPHERD-DOG-335.html,"['CENTRAL ASIA SHEPHERD DOG', ""BERGER D'ASIE CENTRALE"", 'MITTELASIATISCHER SCHÄFERHUND', 'PERRO PASTOR DE ASIA CENTRAL']"
SRPSKI GONIC,https://fci.be/en/nomenclature/SERBIAN-HOUND-150.html,"['SERBIAN HOUND', 'CHIEN COURANT SERBE', 'SERBISCHER LAUFHUND', 'SABUESO SERBIO']"
SRPSKI TROBOJNI GONIC,https://fci.be/en/nomenclature/SERBIAN-TRICOLOUR-HOUND-229.html,"['SERBIAN TRICOLOUR HOUND', 'CHIEN COURANT TRICOLORE SERBE', 'DREIFARBIGER SERBISCHER LAUFHUND', 'SABUESO TRICOLOR SERBIO']"
ST.BERNHARDSHUND - BERNHARDINER,https://fci.be/en/nomenclature/ST-BERNARD-61.html,"['ST. BERNARD', 'CHIEN DU MONT SAINT-BERNARD - SAINT-BERNARD', 'ST. BERNHARDSHUND (BERNHARDINER)', 'SAN BERNARDO']"
STABIJHOUN,https://fci.be/en/nomenclature/STABIJHOUN-222.html,"['STABIJHOUN', ""CHIEN D'ARRET FRISON"", 'FRIESISCHER VORSTEHHUND', 'PERDIGUERO FRISÓN']"
STAFFORDSHIRE BULL TERRIER,https://fci.be/en/nomenclature/STAFFORDSHIRE-BULL-TERRIER-76.html,"['STAFFORDSHIRE BULL TERRIER', 'STAFFORDSHIRE BULL TERRIER', 'STAFFORDSHIRE BULL TERRIER', 'STAFFORDSHIRE BULL TERRIER']"
STEIRISCHE RAUHHAARBRACKE,https://fci.be/en/nomenclature/COARSE-HAIRED-STYRIAN-HOUND-62.html,"['COARSE-HAIRED STYRIAN HOUND', 'BRACHET DE STYRIE A POIL DUR', 'STEIRISCHE RAUHHAARBRACKE', 'SABUESO ESTIRIO DE PELO ÁSPERO']"
SUOMENAJOKOIRA,https://fci.be/en/nomenclature/FINNISH-HOUND-51.html,"['FINNISH HOUND', 'CHIEN COURANT FINLANDAIS', 'FINNISCHER LAUFHUND', 'SABUESO FINLANDÉS']"
SUOMENLAPINKOIRA,https://fci.be/en/nomenclature/FINNISH-LAPPONIAN-DOG-189.html,"['FINNISH LAPPONIAN DOG', 'CHIEN FINNOIS DE LAPONIE', 'FINNISCHER LAPPHUND', 'PERRO FINLANDÉS DE LAPONIA']"
SUOMENPYSTYKORVA,https://fci.be/en/nomenclature/FINNISH-SPITZ-49.html,"['FINNISH SPITZ', 'SPITZ FINLANDAIS', 'FINNEN-SPITZ', 'SPITZ FINLANDÉS']"
SUSSEX SPANIEL,https://fci.be/en/nomenclature/SUSSEX-SPANIEL-127.html,"['SUSSEX SPANIEL', 'SUSSEX SPANIEL', 'SUSSEX SPANIEL', 'SUSSEX SPANIEL']"
SVENSK LAPPHUND,https://fci.be/en/nomenclature/SWEDISH-LAPPHUND-135.html,"['SWEDISH LAPPHUND', 'LAPPHUND SUEDOIS', 'SCHWEDISCHER LAPPHUND', 'PERRO SUECO DE LAPONIA']"
TAIWAN DOG,https://fci.be/en/nomenclature/TAIWAN-DOG-348.html,"['TAIWAN DOG', 'CHIEN DE TAIWAN', 'TAIWAN-HUND', 'PERRO DE TAIWAN']"
TERRIER BRASILEIRO,https://fci.be/en/nomenclature/BRAZILIAN-TERRIER-341.html,"['BRAZILIAN TERRIER', 'TERRIER BRESILIEN', 'BRASILIANISCHER TERRIER', 'TERRIER BRASILEÑO']"
THAI BANGKAEW DOG,https://fci.be/en/nomenclature/THAI-BANGKAEW-DOG-358.html,"['THAI BANGKAEW DOG', 'BANGKAEW DE THAILANDE', 'THAI-BANGKAEW-HUND', 'THAI BANGKAEW DOG']"
THAI RIDGEBACK DOG,https://fci.be/en/nomenclature/THAI-RIDGEBACK-DOG-338.html,"['THAI RIDGEBACK DOG', 'CHIEN THAILANDAIS A CRETE DORSALE', 'THAILAND-RIDGEBACK', 'THAI RIDGEBACK DOG']"
TIBETAN SPANIEL,https://fci.be/en/nomenclature/TIBETAN-SPANIEL-231.html,"['TIBETAN SPANIEL', 'EPAGNEUL TIBETAIN', 'TIBET-SPANIEL', 'SPANIEL TIBETANO']"
TIBETAN TERRIER,https://fci.be/en/nomenclature/TIBETAN-TERRIER-209.html,"['TIBETAN TERRIER', 'TERRIER TIBETAIN', 'TIBET-TERRIER', 'TERRIER TIBETANO']"
TIROLER BRACKE,https://fci.be/en/nomenclature/TYROLEAN-HOUND-68.html,"['TYROLEAN HOUND', 'BRACHET TYROLIEN', 'TIROLER BRACKE', 'SABUESO DEL TIROL']"
TORNJAK,https://fci.be/en/nomenclature/BOSNIAN-AND-HERZEGOVINIAN-CROATIAN-SHEPHERD-DOG-355.html,"['BOSNIAN AND HERZEGOVINIAN - CROATIAN SHEPHERD DOG', 'BERGER DE BOSNIE-HERZEGOVINE ET DE CROATIE', 'BOSNISCH-HERZEGOWINISCHER-KROATISCHER SCHÄFERHUND', 'PASTOR DE BOSNIA Y HERZEGOVINA - CROACIA']"
TOSA,https://fci.be/en/nomenclature/TOSA-260.html,"['TOSA', 'TOSA', 'TOSA', 'TOSA']"
VÄSTGÖTASPETS,https://fci.be/en/nomenclature/SWEDISH-VALLHUND-14.html,"['SWEDISH VALLHUND', 'VALLHUND SUEDOIS - SPITZ DES VISIGOTHS', 'SCHWEDISCHER WALLHUND', 'SPITZ DE LOS VISIGODOS - VALLHUND SUECO']"
VOLPINO ITALIANO,https://fci.be/en/nomenclature/ITALIAN-VOLPINO-195.html,"['ITALIAN VOLPINO', 'VOLPINO ITALIEN', 'ITALIENISCHER VOLPINO', 'VOLPINO ITALIANO']"
VOSTOTCHNO-SIBIRSKAÏA LAÏKA,https://fci.be/en/nomenclature/EAST-SIBERIAN-LAIKA-305.html,"['EAST SIBERIAN LAIKA', 'LAIKA DE SIBERIE ORIENTALE', 'OSTSIBIRISCHER LAÏKA', 'LAIKA DE SIBERIA ORIENTAL']"
WEIMARANER,https://fci.be/en/nomenclature/WEIMARANER-99.html,"['WEIMARANER', 'BRAQUE DE WEIMAR', 'WEIMARANER', 'WEIMARANER']"
WELSH CORGI (CARDIGAN),https://fci.be/en/nomenclature/WELSH-CORGI-CARDIGAN-38.html,"['WELSH CORGI (CARDIGAN)', 'WELSH CORGI (CARDIGAN)', 'WELSH CORGI (CARDIGAN)', 'WELSH CORGI (CARDIGAN)']"
WELSH CORGI (PEMBROKE),https://fci.be/en/nomenclature/WELSH-CORGI-PEMBROKE-39.html,"['WELSH CORGI (PEMBROKE)', 'WELSH CORGI (PEMBROKE)', 'WELSH CORGI (PEMBROKE)', 'WELSH CORGI (PEMBROKE)']"
WELSH SPRINGER SPANIEL,https://fci.be/en/nomenclature/WELSH-SPRINGER-SPANIEL-126.html,"['WELSH SPRINGER SPANIEL', 'WELSH SPRINGER SPANIEL', 'WELSH SPRINGER SPANIEL', 'SPRINGER SPANIEL GALÉS']"
WELSH TERRIER,https://fci.be/en/nomenclature/WELSH-TERRIER-78.html,"['WELSH TERRIER', 'WELSH TERRIER', 'WELSH TERRIER', 'WELSH TERRIER']"
WEST HIGHLAND WHITE TERRIER,https://fci.be/en/nomenclature/WEST-HIGHLAND-WHITE-TERRIER-85.html,"['WEST HIGHLAND WHITE TERRIER', 'WEST HIGHLAND WHITE TERRIER', 'WEST HIGHLAND WHITE TERRIER', 'WEST HIGHLAND WHITE TERRIER']"
WESTFÄLISCHE DACHSBRACKE,https://fci.be/en/nomenclature/WESTPHALIAN-DACHSBRACKE-100.html,"['WESTPHALIAN DACHSBRACKE', 'BASSET DE WESTPHALIE', 'WESTFÄLISCHE DACHSBRACKE', 'PERRO TEJONERO DE WESTFALIA']"
WETTERHOUN,https://fci.be/en/nomenclature/WETTERHOUN-221.html,"['WETTERHOUN', ""CHIEN D'EAU FRISON"", 'FRIESISCHER WASSERHUND', 'PERRO DE AGUA FRISON']"
WHIPPET,https://fci.be/en/nomenclature/WHIPPET-162.html,"['WHIPPET', 'WHIPPET', 'WHIPPET', 'WHIPPET']"
XOLOITZCUINTLE,https://fci.be/en/nomenclature/XOLOITZCUINTLE-234.html,"['XOLOITZCUINTLE', 'XOLOITZCUINTLE', 'MEXIKANISCHER NACKTHUND', 'XOLOITZCUINTLE']"
YAKUTSKAYA LAIKA,https://fci.be/en/nomenclature/YAKUTIAN-LAIKA-365.html,"['YAKUTIAN LAIKA', 'LAÏKA DE IAKOUTIE', 'YAKUTSKAYA LAIKA', 'LAIKA DE YAKUTIA']"
YORKSHIRE TERRIER,https://fci.be/en/nomenclature/YORKSHIRE-TERRIER-86.html,"['YORKSHIRE TERRIER', 'TERRIER DU YORKSHIRE', 'YORKSHIRE TERRIER', 'YORKSHIRE TERRIER']"
YUZHNORUSSKAYA OVCHARKA,https://fci.be/en/nomenclature/SOUTH-RUSSIAN-SHEPHERD-DOG-326.html,"['SOUTH RUSSIAN SHEPHERD DOG', 'BERGER DE RUSSIE MERIDIONALE', 'SÜDRUSSISCHER OVTCHARKA', 'PERRO DE PASTOR DE RUSIA MERIDIONAL']"
ZAPADNO-SIBIRSKAÏA LAÏKA,https://fci.be/en/nomenclature/WEST-SIBERIAN-LAIKA-306.html,"['WEST SIBERIAN LAIKA', 'LAIKA DE SIBERIE OCCIDENTALE', 'WESTSIBIRISCHER LAÏKA', 'LAIKA DE SIBERIA OCCIDENTAL']"
ZWERGPINSCHER,https://fci.be/en/nomenclature/MINIATURE-PINSCHER-185.html,"['MINIATURE PINSCHER', 'PINSCHER NAIN', 'ZWERGPINSCHER', 'PINSCHER MINIATURA']"
ZWERGSCHNAUZER,https://fci.be/en/nomenclature/MINIATURE-SCHNAUZER-183.html,"['MINIATURE SCHNAUZER', 'SCHNAUZER NAIN', 'ZWERGSCHNAUZER', 'SCHNAUZER MINIATURA']"
